network,candidate_address,direction,counterparty_address,token_contract,tx_hash,event_index,event_reference,amount_base_units,block_number,block_time,execution_status,confirmation_state,ordering_ambiguous,evidence_reference,acquisition_window_start,acquisition_window_end,coverage_status
tron,TNtTcstZdy5vppwDMQuR9gy6n5rT4o7ptq,outgoing,TE8orbxJLQWokqkfQw1PUsVabCcDGszzuQ,TR7NHqjeKQxGTCi8q8ZY4pL8otSzgjLj6t,35936d95ccd9c959451bfb605672002d711bc8230eac35c78820f1f10f7d383f,,tron:35936d95ccd9c959451bfb605672002d711bc8230eac35c78820f1f10f7d383f:unindexed:788e2cbe49484660,29320000,,2026-08-10T14:54:45+00:00,unknown,confirmed,true,v1/accounts/.../transactions/trc20:tron:35936d95ccd9c959451bfb605672002d711bc8230eac35c78820f1f10f7d383f:unindexed:788e2cbe49484660,2026-08-10T13:59:54+00:00,2026-08-10T16:59:54+00:00,partial
tron,TNtTcstZdy5vppwDMQuR9gy6n5rT4o7ptq,outgoing,TXizVr4KDXkCk1QSDevRm3n6jR2ywK6f24,TR7NHqjeKQxGTCi8q8ZY4pL8otSzgjLj6t,317d724b1a65190803f9937359c8f02c9db3ed5a3d2c38b0c66429a170db9f5a,,tron:317d724b1a65190803f9937359c8f02c9db3ed5a3d2c38b0c66429a170db9f5a:unindexed:cb3c2d9991814451,1728280000,,2026-08-10T14:55:18+00:00,unknown,confirmed,true,v1/accounts/.../transactions/trc20:tron:317d724b1a65190803f9937359c8f02c9db3ed5a3d2c38b0c66429a170db9f5a:unindexed:cb3c2d9991814451,2026-08-10T13:59:54+00:00,2026-08-10T16:59:54+00:00,partial
tron,TNtTcstZdy5vppwDMQuR9gy6n5rT4o7ptq,outgoing,TD2J4gnALKesWWnvFEbveHycPMLPy2X3ks,TR7NHqjeKQxGTCi8q8ZY4pL8otSzgjLj6t,4aba646a609084664666356d46f7a5eaae202d617697d061d89d35a00c630fdc,,tron:4aba646a609084664666356d46f7a5eaae202d617697d061d89d35a00c630fdc:unindexed:12667f71bba734b5,124880000,,2026-08-10T14:55:18+00:00,unknown,confirmed,true,v1/accounts/.../transactions/trc20:tron:4aba646a609084664666356d46f7a5eaae202d617697d061d89d35a00c630fdc:unindexed:12667f71bba734b5,2026-08-10T13:59:54+00:00,2026-08-10T16:59:54+00:00,partial
tron,TNtTcstZdy5vppwDMQuR9gy6n5rT4o7ptq,outgoing,TM6V136nQpU4VXYm96t6Y7P89moLqNK34w,TR7NHqjeKQxGTCi8q8ZY4pL8otSzgjLj6t,6afda42b3aee3fc722e8395617f5822d8719f3ef00d80ad03f568b21d54957d5,,tron:6afda42b3aee3fc722e8395617f5822d8719f3ef00d80ad03f568b21d54957d5:unindexed:14e1317e216ca448,90000000,,2026-08-10T14:55:51+00:00,unknown,confirmed,true,v1/accounts/.../transactions/trc20:tron:6afda42b3aee3fc722e8395617f5822d8719f3ef00d80ad03f568b21d54957d5:unindexed:14e1317e216ca448,2026-08-10T13:59:54+00:00,2026-08-10T16:59:54+00:00,partial
tron,TNtTcstZdy5vppwDMQuR9gy6n5rT4o7ptq,outgoing,TWpmNK2CPx4ZHgH1rh5hrfD2CPHwEceiRf,TR7NHqjeKQxGTCi8q8ZY4pL8otSzgjLj6t,1bee3dcfd9784af9ef07b8d605b0c3e352d9fa3c9abcd3e1d807f73f928080bb,,tron:1bee3dcfd9784af9ef07b8d605b0c3e352d9fa3c9abcd3e1d807f73f928080bb:unindexed:401b63e3ccb0710d,104880000,,2026-08-10T14:56:27+00:00,unknown,confirmed,true,v1/accounts/.../transactions/trc20:tron:1bee3dcfd9784af9ef07b8d605b0c3e352d9fa3c9abcd3e1d807f73f928080bb:unindexed:401b63e3ccb0710d,2026-08-10T13:59:54+00:00,2026-08-10T16:59:54+00:00,partial
tron,TNtTcstZdy5vppwDMQuR9gy6n5rT4o7ptq,outgoing,TUPyPiDUbDN9qaeWHTkWhRmCNXYBZr5WBa,TR7NHqjeKQxGTCi8q8ZY4pL8otSzgjLj6t,34cfd223cfd1c718945c6212f2c4d950f0c74e464c8f98b7fa9ed781e1c72ba5,,tron:34cfd223cfd1c718945c6212f2c4d950f0c74e464c8f98b7fa9ed781e1c72ba5:unindexed:815de5f07a262cbc,32413793000,,2026-08-10T14:57:33+00:00,unknown,confirmed,true,v1/accounts/.../transactions/trc20:tron:34cfd223cfd1c718945c6212f2c4d950f0c74e464c8f98b7fa9ed781e1c72ba5:unindexed:815de5f07a262cbc,2026-08-10T13:59:54+00:00,2026-08-10T16:59:54+00:00,partial
tron,TNtTcstZdy5vppwDMQuR9gy6n5rT4o7ptq,outgoing,TQayaq3K6ematdLrvnQywZmEHrrG4Kd2Lg,TR7NHqjeKQxGTCi8q8ZY4pL8otSzgjLj6t,19eac58e4ce1157e86951f3748bc9097e5b089a913a13c162f8f7affa33390bc,,tron:19eac58e4ce1157e86951f3748bc9097e5b089a913a13c162f8f7affa33390bc:unindexed:1080e7f9c09c15c4,353410000,,2026-08-10T14:58:30+00:00,unknown,confirmed,true,v1/accounts/.../transactions/trc20:tron:19eac58e4ce1157e86951f3748bc9097e5b089a913a13c162f8f7affa33390bc:unindexed:1080e7f9c09c15c4,2026-08-10T13:59:54+00:00,2026-08-10T16:59:54+00:00,partial
tron,TNtTcstZdy5vppwDMQuR9gy6n5rT4o7ptq,outgoing,TFke5AqTExjodw6GHJxfougDSjUxr9affT,TR7NHqjeKQxGTCi8q8ZY4pL8otSzgjLj6t,97ceffef0673c352031f7ed1f91bd73c340025f349d6698548fad4b36da7a02d,,tron:97ceffef0673c352031f7ed1f91bd73c340025f349d6698548fad4b36da7a02d:unindexed:74f5a361b55cacee,117020000,,2026-08-10T14:58:30+00:00,unknown,confirmed,true,v1/accounts/.../transactions/trc20:tron:97ceffef0673c352031f7ed1f91bd73c340025f349d6698548fad4b36da7a02d:unindexed:74f5a361b55cacee,2026-08-10T13:59:54+00:00,2026-08-10T16:59:54+00:00,partial
tron,TNtTcstZdy5vppwDMQuR9gy6n5rT4o7ptq,outgoing,TJ6YENzGHSwToGk6JVF8eZX3NMUbTBn28n,TR7NHqjeKQxGTCi8q8ZY4pL8otSzgjLj6t,65997dbd58d79fd74aebc578afc3d932e84a3616a8132f59d5ed973fb41324ae,,tron:65997dbd58d79fd74aebc578afc3d932e84a3616a8132f59d5ed973fb41324ae:unindexed:1e8f6ec3a2d3aa8b,74520000,,2026-08-10T15:00:18+00:00,unknown,confirmed,true,v1/accounts/.../transactions/trc20:tron:65997dbd58d79fd74aebc578afc3d932e84a3616a8132f59d5ed973fb41324ae:unindexed:1e8f6ec3a2d3aa8b,2026-08-10T13:59:54+00:00,2026-08-10T16:59:54+00:00,partial
tron,TNtTcstZdy5vppwDMQuR9gy6n5rT4o7ptq,outgoing,TZ83eN9sRiVXNCRtXHb78YV2rPAiPVDC4y,TR7NHqjeKQxGTCi8q8ZY4pL8otSzgjLj6t,40e97cee0850098c7cb50c9b01562613c6647320a244a8d7e250be0be8e2502b,,tron:40e97cee0850098c7cb50c9b01562613c6647320a244a8d7e250be0be8e2502b:unindexed:04b0b3f354b099a3,35100000,,2026-08-10T15:01:54+00:00,unknown,confirmed,true,v1/accounts/.../transactions/trc20:tron:40e97cee0850098c7cb50c9b01562613c6647320a244a8d7e250be0be8e2502b:unindexed:04b0b3f354b099a3,2026-08-10T13:59:54+00:00,2026-08-10T16:59:54+00:00,partial
tron,TNtTcstZdy5vppwDMQuR9gy6n5rT4o7ptq,outgoing,TBBBQa8yFUXafsj7RK3hJMa5vw4MQRnd7H,TR7NHqjeKQxGTCi8q8ZY4pL8otSzgjLj6t,41d83d3a4f90376a5004db9119faac640f27e645190ecad8e67bf9ade9f0bbb0,,tron:41d83d3a4f90376a5004db9119faac640f27e645190ecad8e67bf9ade9f0bbb0:unindexed:797b135858b1c5be,5000000000,,2026-08-10T15:01:57+00:00,unknown,confirmed,true,v1/accounts/.../transactions/trc20:tron:41d83d3a4f90376a5004db9119faac640f27e645190ecad8e67bf9ade9f0bbb0:unindexed:797b135858b1c5be,2026-08-10T13:59:54+00:00,2026-08-10T16:59:54+00:00,partial
tron,TNtTcstZdy5vppwDMQuR9gy6n5rT4o7ptq,outgoing,TGutKZQrmVFVgTgjV6b2ZbBLPPoLYDDkug,TR7NHqjeKQxGTCi8q8ZY4pL8otSzgjLj6t,72e4fa93168161de6ce64cc3d7d5c7f7495c02a77c6a17dad29160f2299ab352,,tron:72e4fa93168161de6ce64cc3d7d5c7f7495c02a77c6a17dad29160f2299ab352:unindexed:7e282738e5a597cc,8000000000,,2026-08-10T15:01:57+00:00,unknown,confirmed,true,v1/accounts/.../transactions/trc20:tron:72e4fa93168161de6ce64cc3d7d5c7f7495c02a77c6a17dad29160f2299ab352:unindexed:7e282738e5a597cc,2026-08-10T13:59:54+00:00,2026-08-10T16:59:54+00:00,partial
tron,TNtTcstZdy5vppwDMQuR9gy6n5rT4o7ptq,outgoing,TCdjSGyeMZL56wbWwsDQWop52XKQ9dodJU,TR7NHqjeKQxGTCi8q8ZY4pL8otSzgjLj6t,edeb22276fec0d53ef1d717ba5ce5f7df4be22b826d95e20da47a0d89ef3f185,,tron:edeb22276fec0d53ef1d717ba5ce5f7df4be22b826d95e20da47a0d89ef3f185:unindexed:256c9260ddea9bb6,3241590000,,2026-08-10T15:01:57+00:00,unknown,confirmed,true,v1/accounts/.../transactions/trc20:tron:edeb22276fec0d53ef1d717ba5ce5f7df4be22b826d95e20da47a0d89ef3f185:unindexed:256c9260ddea9bb6,2026-08-10T13:59:54+00:00,2026-08-10T16:59:54+00:00,partial
tron,TNtTcstZdy5vppwDMQuR9gy6n5rT4o7ptq,outgoing,TUvW8GLzEf6TuA4vcR9CSktCQ3jZSzqh7w,TR7NHqjeKQxGTCi8q8ZY4pL8otSzgjLj6t,42880e8fa6b90540da2fed99c337eb26dbd7ad3e789734ecc579e8bac47b5a14,,tron:42880e8fa6b90540da2fed99c337eb26dbd7ad3e789734ecc579e8bac47b5a14:unindexed:4ad87ab01eb849ba,100140000,,2026-08-10T15:02:27+00:00,unknown,confirmed,true,v1/accounts/.../transactions/trc20:tron:42880e8fa6b90540da2fed99c337eb26dbd7ad3e789734ecc579e8bac47b5a14:unindexed:4ad87ab01eb849ba,2026-08-10T13:59:54+00:00,2026-08-10T16:59:54+00:00,partial
tron,TNtTcstZdy5vppwDMQuR9gy6n5rT4o7ptq,outgoing,TDwfhhMGVU19c5wHvxk5xh3VXgYGKPS4xi,TR7NHqjeKQxGTCi8q8ZY4pL8otSzgjLj6t,b31be736237a3904c31e8c219c40f1ac663746e2b5c3eefe56681ec51db83e22,,tron:b31be736237a3904c31e8c219c40f1ac663746e2b5c3eefe56681ec51db83e22:unindexed:87c11d1777a13231,490750000,,2026-08-10T15:03:00+00:00,unknown,confirmed,true,v1/accounts/.../transactions/trc20:tron:b31be736237a3904c31e8c219c40f1ac663746e2b5c3eefe56681ec51db83e22:unindexed:87c11d1777a13231,2026-08-10T13:59:54+00:00,2026-08-10T16:59:54+00:00,partial
tron,TNtTcstZdy5vppwDMQuR9gy6n5rT4o7ptq,outgoing,TUFL7aBwyQa6JUJ2Nx3pgYoZWvRJGTKWNX,TR7NHqjeKQxGTCi8q8ZY4pL8otSzgjLj6t,3d29f0c1b56b257d0e896b5d2490891b74b5f9e3d614935f78e876a62915be50,,tron:3d29f0c1b56b257d0e896b5d2490891b74b5f9e3d614935f78e876a62915be50:unindexed:6d6c4025b55fcae8,1300000000,,2026-08-10T15:04:27+00:00,unknown,confirmed,true,v1/accounts/.../transactions/trc20:tron:3d29f0c1b56b257d0e896b5d2490891b74b5f9e3d614935f78e876a62915be50:unindexed:6d6c4025b55fcae8,2026-08-10T13:59:54+00:00,2026-08-10T16:59:54+00:00,partial
tron,TNtTcstZdy5vppwDMQuR9gy6n5rT4o7ptq,outgoing,TJgpzB6asxcKYCw5Wo74NHzk7HdEeFdwV6,TR7NHqjeKQxGTCi8q8ZY4pL8otSzgjLj6t,6c7569c6dbee9ff8bf43597164723e52e8d51e18bc73caa6d591565bdefb1eba,,tron:6c7569c6dbee9ff8bf43597164723e52e8d51e18bc73caa6d591565bdefb1eba:unindexed:e4f8aea55548cad7,65170000,,2026-08-10T15:04:27+00:00,unknown,confirmed,true,v1/accounts/.../transactions/trc20:tron:6c7569c6dbee9ff8bf43597164723e52e8d51e18bc73caa6d591565bdefb1eba:unindexed:e4f8aea55548cad7,2026-08-10T13:59:54+00:00,2026-08-10T16:59:54+00:00,partial
tron,TNtTcstZdy5vppwDMQuR9gy6n5rT4o7ptq,outgoing,TXDm9YJ13Goc9VZtidbvxr5QMQTmrvvCzx,TR7NHqjeKQxGTCi8q8ZY4pL8otSzgjLj6t,62cebb3f57c92f55e00141550cd9ef3b862686c83d7b0a45a71277f9d41df012,,tron:62cebb3f57c92f55e00141550cd9ef3b862686c83d7b0a45a71277f9d41df012:unindexed:d72dc80dda946658,180860000,,2026-08-10T15:05:54+00:00,unknown,confirmed,true,v1/accounts/.../transactions/trc20:tron:62cebb3f57c92f55e00141550cd9ef3b862686c83d7b0a45a71277f9d41df012:unindexed:d72dc80dda946658,2026-08-10T13:59:54+00:00,2026-08-10T16:59:54+00:00,partial
tron,TNtTcstZdy5vppwDMQuR9gy6n5rT4o7ptq,outgoing,TCXiYqdeG2uQvt1eBrQ3XMvVuSv3YmUAMp,TR7NHqjeKQxGTCi8q8ZY4pL8otSzgjLj6t,afe052a0ecf3ff091740aaaef264a3889435d008965e72f008c05102dd1ee654,,tron:afe052a0ecf3ff091740aaaef264a3889435d008965e72f008c05102dd1ee654:unindexed:3f44ee424a5cfd9b,146650000,,2026-08-10T15:05:54+00:00,unknown,confirmed,true,v1/accounts/.../transactions/trc20:tron:afe052a0ecf3ff091740aaaef264a3889435d008965e72f008c05102dd1ee654:unindexed:3f44ee424a5cfd9b,2026-08-10T13:59:54+00:00,2026-08-10T16:59:54+00:00,partial
tron,TNtTcstZdy5vppwDMQuR9gy6n5rT4o7ptq,outgoing,TMJ3FJunoRtmbzsdDqcq1VmHFF6EH634Ys,TR7NHqjeKQxGTCi8q8ZY4pL8otSzgjLj6t,c1b19a6d6157051ccbad4f500e4130557829efcfc27e40e8849f10ea5fa68375,,tron:c1b19a6d6157051ccbad4f500e4130557829efcfc27e40e8849f10ea5fa68375:unindexed:073a4e1048b3846b,31000000,,2026-08-10T15:05:54+00:00,unknown,confirmed,true,v1/accounts/.../transactions/trc20:tron:c1b19a6d6157051ccbad4f500e4130557829efcfc27e40e8849f10ea5fa68375:unindexed:073a4e1048b3846b,2026-08-10T13:59:54+00:00,2026-08-10T16:59:54+00:00,partial
tron,TNtTcstZdy5vppwDMQuR9gy6n5rT4o7ptq,outgoing,TDq9ZJFuptz9Baxh1y1BDhz37YqHCmSDGQ,TR7NHqjeKQxGTCi8q8ZY4pL8otSzgjLj6t,7dfca517c53ee4ba0f15ee241a60d8c800c1f418a4eb429aeb962f0523439478,,tron:7dfca517c53ee4ba0f15ee241a60d8c800c1f418a4eb429aeb962f0523439478:unindexed:93b1d9536d76c4b6,324880000,,2026-08-10T15:06:27+00:00,unknown,confirmed,true,v1/accounts/.../transactions/trc20:tron:7dfca517c53ee4ba0f15ee241a60d8c800c1f418a4eb429aeb962f0523439478:unindexed:93b1d9536d76c4b6,2026-08-10T13:59:54+00:00,2026-08-10T16:59:54+00:00,partial
tron,TNtTcstZdy5vppwDMQuR9gy6n5rT4o7ptq,outgoing,TYVRB8aNW9Sm4rQGCeNzQxkCNFzVGmkmt5,TR7NHqjeKQxGTCi8q8ZY4pL8otSzgjLj6t,66bd9b77957dc2d24dd48a72fa747307382c4f9604de6cd785f1ebb5878945fd,,tron:66bd9b77957dc2d24dd48a72fa747307382c4f9604de6cd785f1ebb5878945fd:unindexed:59c958e223710fc1,146650000,,2026-08-10T15:07:33+00:00,unknown,confirmed,true,v1/accounts/.../transactions/trc20:tron:66bd9b77957dc2d24dd48a72fa747307382c4f9604de6cd785f1ebb5878945fd:unindexed:59c958e223710fc1,2026-08-10T13:59:54+00:00,2026-08-10T16:59:54+00:00,partial
tron,TNtTcstZdy5vppwDMQuR9gy6n5rT4o7ptq,outgoing,TLETqGkHuivgtx6vxSTvfTA8JKJ6xAY34H,TR7NHqjeKQxGTCi8q8ZY4pL8otSzgjLj6t,8770a1cfe22751b1a20f00a17b3bd559d810f6ed0dd0ce3e38ec696039a33d8f,,tron:8770a1cfe22751b1a20f00a17b3bd559d810f6ed0dd0ce3e38ec696039a33d8f:unindexed:8e742c51186805a1,212230000,,2026-08-10T15:08:51+00:00,unknown,confirmed,true,v1/accounts/.../transactions/trc20:tron:8770a1cfe22751b1a20f00a17b3bd559d810f6ed0dd0ce3e38ec696039a33d8f:unindexed:8e742c51186805a1,2026-08-10T13:59:54+00:00,2026-08-10T16:59:54+00:00,partial
tron,TNtTcstZdy5vppwDMQuR9gy6n5rT4o7ptq,outgoing,TCuz1tfpe4HYpArXxYd8QrTzsghaZg4hPH,TR7NHqjeKQxGTCi8q8ZY4pL8otSzgjLj6t,3588be7eb65774155a6f63dbd36aed3160156cad24cd25ce9561350d52afff28,,tron:3588be7eb65774155a6f63dbd36aed3160156cad24cd25ce9561350d52afff28:unindexed:32a3bcdeddefc2fd,2387838000,,2026-08-10T15:09:15+00:00,unknown,confirmed,true,v1/accounts/.../transactions/trc20:tron:3588be7eb65774155a6f63dbd36aed3160156cad24cd25ce9561350d52afff28:unindexed:32a3bcdeddefc2fd,2026-08-10T13:59:54+00:00,2026-08-10T16:59:54+00:00,partial
tron,TNtTcstZdy5vppwDMQuR9gy6n5rT4o7ptq,outgoing,TTqRu1wBpeBG6P3cURpUJpciExBEbs9VJt,TR7NHqjeKQxGTCi8q8ZY4pL8otSzgjLj6t,1d24e508af9e8e7e40ce61f0265c44db6f825d1be20f8b10d7ee43ef922d1a3b,,tron:1d24e508af9e8e7e40ce61f0265c44db6f825d1be20f8b10d7ee43ef922d1a3b:unindexed:a2a381dda44bd79c,5000000000,,2026-08-10T15:09:57+00:00,unknown,confirmed,true,v1/accounts/.../transactions/trc20:tron:1d24e508af9e8e7e40ce61f0265c44db6f825d1be20f8b10d7ee43ef922d1a3b:unindexed:a2a381dda44bd79c,2026-08-10T13:59:54+00:00,2026-08-10T16:59:54+00:00,partial
tron,TNtTcstZdy5vppwDMQuR9gy6n5rT4o7ptq,outgoing,TWVAX3ZHYQxWd2wYCLQWcqL2zv33ZNCzJD,TR7NHqjeKQxGTCi8q8ZY4pL8otSzgjLj6t,74bdafbc7285a7e1f0f07a4598949222021bd307407979c4c7d25919d295df02,,tron:74bdafbc7285a7e1f0f07a4598949222021bd307407979c4c7d25919d295df02:unindexed:82d1742a4d597337,9319660000,,2026-08-10T15:09:57+00:00,unknown,confirmed,true,v1/accounts/.../transactions/trc20:tron:74bdafbc7285a7e1f0f07a4598949222021bd307407979c4c7d25919d295df02:unindexed:82d1742a4d597337,2026-08-10T13:59:54+00:00,2026-08-10T16:59:54+00:00,partial
tron,TNtTcstZdy5vppwDMQuR9gy6n5rT4o7ptq,outgoing,TFfLVUuxiiuUojt3q6pHC2q5h725teE4AX,TR7NHqjeKQxGTCi8q8ZY4pL8otSzgjLj6t,9fefad9ae6918a6f3e89fe0ffbbb22104108e851cbc4a91285dd1156bda4aa91,,tron:9fefad9ae6918a6f3e89fe0ffbbb22104108e851cbc4a91285dd1156bda4aa91:unindexed:a3d6adc282e53df2,847761200,,2026-08-10T15:09:57+00:00,unknown,confirmed,true,v1/accounts/.../transactions/trc20:tron:9fefad9ae6918a6f3e89fe0ffbbb22104108e851cbc4a91285dd1156bda4aa91:unindexed:a3d6adc282e53df2,2026-08-10T13:59:54+00:00,2026-08-10T16:59:54+00:00,partial
tron,TNtTcstZdy5vppwDMQuR9gy6n5rT4o7ptq,outgoing,TNzRtEgcwgLatU2akH3jSiUgAgB8yZyU6Z,TR7NHqjeKQxGTCi8q8ZY4pL8otSzgjLj6t,cd28aeededfef5d53cf34066499e5a4aa93abe376104d144cf4047236a4adad9,,tron:cd28aeededfef5d53cf34066499e5a4aa93abe376104d144cf4047236a4adad9:unindexed:5234011d2cf5c789,380730000,,2026-08-10T15:10:33+00:00,unknown,confirmed,true,v1/accounts/.../transactions/trc20:tron:cd28aeededfef5d53cf34066499e5a4aa93abe376104d144cf4047236a4adad9:unindexed:5234011d2cf5c789,2026-08-10T13:59:54+00:00,2026-08-10T16:59:54+00:00,partial
tron,TNtTcstZdy5vppwDMQuR9gy6n5rT4o7ptq,outgoing,TJGNS9hqEWEYcKZvV5uSgNmJrZxaYWpefU,TR7NHqjeKQxGTCi8q8ZY4pL8otSzgjLj6t,0c975811d4d2f4b8bbd48c86cb89966066136c9ec0b3306f668b9bdeef05aeab,,tron:0c975811d4d2f4b8bbd48c86cb89966066136c9ec0b3306f668b9bdeef05aeab:unindexed:43d708861bec50fd,61170000,,2026-08-10T15:11:06+00:00,unknown,confirmed,true,v1/accounts/.../transactions/trc20:tron:0c975811d4d2f4b8bbd48c86cb89966066136c9ec0b3306f668b9bdeef05aeab:unindexed:43d708861bec50fd,2026-08-10T13:59:54+00:00,2026-08-10T16:59:54+00:00,partial
tron,TNtTcstZdy5vppwDMQuR9gy6n5rT4o7ptq,outgoing,TNZGdGGp36B1Hrndc6keSLBQ87broWiCrV,TR7NHqjeKQxGTCi8q8ZY4pL8otSzgjLj6t,189c869d9f2731b7a027f1eb54c977bbf10b2cbec4a59862b8935e0a20d1f634,,tron:189c869d9f2731b7a027f1eb54c977bbf10b2cbec4a59862b8935e0a20d1f634:unindexed:5e547af74b346386,57760000,,2026-08-10T15:11:06+00:00,unknown,confirmed,true,v1/accounts/.../transactions/trc20:tron:189c869d9f2731b7a027f1eb54c977bbf10b2cbec4a59862b8935e0a20d1f634:unindexed:5e547af74b346386,2026-08-10T13:59:54+00:00,2026-08-10T16:59:54+00:00,partial
tron,TNtTcstZdy5vppwDMQuR9gy6n5rT4o7ptq,outgoing,TLn7qej4AFNjnafRHTYDRULde6xJ1cqjyG,TR7NHqjeKQxGTCi8q8ZY4pL8otSzgjLj6t,58be4c5d293df592fe4f3919045fa21032046b18e93c9974ee7aae09c0276b23,,tron:58be4c5d293df592fe4f3919045fa21032046b18e93c9974ee7aae09c0276b23:unindexed:8bae7aad37ceda24,131840000,,2026-08-10T15:11:06+00:00,unknown,confirmed,true,v1/accounts/.../transactions/trc20:tron:58be4c5d293df592fe4f3919045fa21032046b18e93c9974ee7aae09c0276b23:unindexed:8bae7aad37ceda24,2026-08-10T13:59:54+00:00,2026-08-10T16:59:54+00:00,partial
tron,TNtTcstZdy5vppwDMQuR9gy6n5rT4o7ptq,outgoing,TBHW8nsnhv1VZjXxuH4XDdz5Ljnq983QkG,TR7NHqjeKQxGTCi8q8ZY4pL8otSzgjLj6t,8538cf78e67d08995853416a1b07266fca845fd6215ca1a2e9051542ed2cc99c,,tron:8538cf78e67d08995853416a1b07266fca845fd6215ca1a2e9051542ed2cc99c:unindexed:666a51cfa3a3b127,64140000,,2026-08-10T15:11:27+00:00,unknown,confirmed,true,v1/accounts/.../transactions/trc20:tron:8538cf78e67d08995853416a1b07266fca845fd6215ca1a2e9051542ed2cc99c:unindexed:666a51cfa3a3b127,2026-08-10T13:59:54+00:00,2026-08-10T16:59:54+00:00,partial
tron,TNtTcstZdy5vppwDMQuR9gy6n5rT4o7ptq,outgoing,TC1AmqVNPnnafpB3jhXkScPStTns9xkgZF,TR7NHqjeKQxGTCi8q8ZY4pL8otSzgjLj6t,c9cf3f89b86603e7014a21a9291210d4879d1f34be0881259964df53407c00f6,,tron:c9cf3f89b86603e7014a21a9291210d4879d1f34be0881259964df53407c00f6:unindexed:9f63316195e882e5,760430000,,2026-08-10T15:11:27+00:00,unknown,confirmed,true,v1/accounts/.../transactions/trc20:tron:c9cf3f89b86603e7014a21a9291210d4879d1f34be0881259964df53407c00f6:unindexed:9f63316195e882e5,2026-08-10T13:59:54+00:00,2026-08-10T16:59:54+00:00,partial
tron,TNtTcstZdy5vppwDMQuR9gy6n5rT4o7ptq,outgoing,TKQA9Mz1ih4khHQZjwdzTkdx4R2nd2kouJ,TR7NHqjeKQxGTCi8q8ZY4pL8otSzgjLj6t,ffb762128b2e21748c285d7719f296bcec6c4531f135b53629e472e2ed7479f6,,tron:ffb762128b2e21748c285d7719f296bcec6c4531f135b53629e472e2ed7479f6:unindexed:0892b605867f615c,783690000,,2026-08-10T15:11:30+00:00,unknown,confirmed,true,v1/accounts/.../transactions/trc20:tron:ffb762128b2e21748c285d7719f296bcec6c4531f135b53629e472e2ed7479f6:unindexed:0892b605867f615c,2026-08-10T13:59:54+00:00,2026-08-10T16:59:54+00:00,partial
tron,TNtTcstZdy5vppwDMQuR9gy6n5rT4o7ptq,outgoing,TG9nkDq2daRQYReGv4nD9o1ufyt9ADfGBQ,TR7NHqjeKQxGTCi8q8ZY4pL8otSzgjLj6t,a0ba6635db8bc6832d02adf418d4d026ded29f2f80292111c167eeac8a314b6a,,tron:a0ba6635db8bc6832d02adf418d4d026ded29f2f80292111c167eeac8a314b6a:unindexed:51b0190c00a98409,1826070000,,2026-08-10T15:12:00+00:00,unknown,confirmed,true,v1/accounts/.../transactions/trc20:tron:a0ba6635db8bc6832d02adf418d4d026ded29f2f80292111c167eeac8a314b6a:unindexed:51b0190c00a98409,2026-08-10T13:59:54+00:00,2026-08-10T16:59:54+00:00,partial
tron,TNtTcstZdy5vppwDMQuR9gy6n5rT4o7ptq,outgoing,TGmhRLs4JPBt2aCv5DLzNdgiFByqndKeEB,TR7NHqjeKQxGTCi8q8ZY4pL8otSzgjLj6t,b7fc89e8b450664330033903a96aad218fcdab0dbace31bb51866542a9b6b063,,tron:b7fc89e8b450664330033903a96aad218fcdab0dbace31bb51866542a9b6b063:unindexed:064aa10238b82926,77320000,,2026-08-10T15:14:15+00:00,unknown,confirmed,true,v1/accounts/.../transactions/trc20:tron:b7fc89e8b450664330033903a96aad218fcdab0dbace31bb51866542a9b6b063:unindexed:064aa10238b82926,2026-08-10T13:59:54+00:00,2026-08-10T16:59:54+00:00,partial
tron,TNtTcstZdy5vppwDMQuR9gy6n5rT4o7ptq,outgoing,TEu4HvfkJwNPgU3YDBhv7Foxy53yRAYBRF,TR7NHqjeKQxGTCi8q8ZY4pL8otSzgjLj6t,c6a019f9b7c2d5269ced282ccf92310adbb586da39955daffaef1ef82b7056d7,,tron:c6a019f9b7c2d5269ced282ccf92310adbb586da39955daffaef1ef82b7056d7:unindexed:428fe461e36d6b21,3000000000,,2026-08-10T15:15:18+00:00,unknown,confirmed,true,v1/accounts/.../transactions/trc20:tron:c6a019f9b7c2d5269ced282ccf92310adbb586da39955daffaef1ef82b7056d7:unindexed:428fe461e36d6b21,2026-08-10T13:59:54+00:00,2026-08-10T16:59:54+00:00,partial
tron,TNtTcstZdy5vppwDMQuR9gy6n5rT4o7ptq,outgoing,TPgPr6ffEWNF1WZGFrUj1za6SnCoviJhYg,TR7NHqjeKQxGTCi8q8ZY4pL8otSzgjLj6t,1a026c7a11375efee5e2846052d172977ef869de1df026dd999259972ed316c9,,tron:1a026c7a11375efee5e2846052d172977ef869de1df026dd999259972ed316c9:unindexed:ec621a1ce2076aef,1154360000,,2026-08-10T15:16:03+00:00,unknown,confirmed,true,v1/accounts/.../transactions/trc20:tron:1a026c7a11375efee5e2846052d172977ef869de1df026dd999259972ed316c9:unindexed:ec621a1ce2076aef,2026-08-10T13:59:54+00:00,2026-08-10T16:59:54+00:00,partial
tron,TNtTcstZdy5vppwDMQuR9gy6n5rT4o7ptq,outgoing,TJHg7XbZmoW2QgnVLbB1MkrzBtD6f8mEpK,TR7NHqjeKQxGTCi8q8ZY4pL8otSzgjLj6t,b62db00338043495cc6b04b48d7ca7b949bef564bf3f8428929d0f5845c2f939,,tron:b62db00338043495cc6b04b48d7ca7b949bef564bf3f8428929d0f5845c2f939:unindexed:785290b2c5290a24,300000000,,2026-08-10T15:18:57+00:00,unknown,confirmed,true,v1/accounts/.../transactions/trc20:tron:b62db00338043495cc6b04b48d7ca7b949bef564bf3f8428929d0f5845c2f939:unindexed:785290b2c5290a24,2026-08-10T13:59:54+00:00,2026-08-10T16:59:54+00:00,partial
tron,TNtTcstZdy5vppwDMQuR9gy6n5rT4o7ptq,outgoing,TRPJPJXAg67XNQQi9jpD2XLssBaHU66W5L,TR7NHqjeKQxGTCi8q8ZY4pL8otSzgjLj6t,083cee1beaf0e7adf3923f92346c001de42f86cdf67fae7334324ca8dcb5ecdb,,tron:083cee1beaf0e7adf3923f92346c001de42f86cdf67fae7334324ca8dcb5ecdb:unindexed:53a1db0912d8342d,72800000,,2026-08-10T15:19:18+00:00,unknown,confirmed,true,v1/accounts/.../transactions/trc20:tron:083cee1beaf0e7adf3923f92346c001de42f86cdf67fae7334324ca8dcb5ecdb:unindexed:53a1db0912d8342d,2026-08-10T13:59:54+00:00,2026-08-10T16:59:54+00:00,partial
tron,TNtTcstZdy5vppwDMQuR9gy6n5rT4o7ptq,outgoing,TMw58aNfPqAou6cZp8Zrcc5C9fXPedATXN,TR7NHqjeKQxGTCi8q8ZY4pL8otSzgjLj6t,a2c4a025fc60f31095388e94beef437a392f1b69d3bf988949379c44d9693101,,tron:a2c4a025fc60f31095388e94beef437a392f1b69d3bf988949379c44d9693101:unindexed:c21638aadd4aa3b4,87390000,,2026-08-10T15:19:18+00:00,unknown,confirmed,true,v1/accounts/.../transactions/trc20:tron:a2c4a025fc60f31095388e94beef437a392f1b69d3bf988949379c44d9693101:unindexed:c21638aadd4aa3b4,2026-08-10T13:59:54+00:00,2026-08-10T16:59:54+00:00,partial
tron,TNtTcstZdy5vppwDMQuR9gy6n5rT4o7ptq,outgoing,TEE3PVagYrvJV5oNyCgcUarLidra21jvxT,TR7NHqjeKQxGTCi8q8ZY4pL8otSzgjLj6t,4a3ab9c260fe4601816c6999ef4440b9b300cc106d90a75a6b9644808e84b478,,tron:4a3ab9c260fe4601816c6999ef4440b9b300cc106d90a75a6b9644808e84b478:unindexed:d3ab897a35038a0e,442950000,,2026-08-10T15:19:48+00:00,unknown,confirmed,true,v1/accounts/.../transactions/trc20:tron:4a3ab9c260fe4601816c6999ef4440b9b300cc106d90a75a6b9644808e84b478:unindexed:d3ab897a35038a0e,2026-08-10T13:59:54+00:00,2026-08-10T16:59:54+00:00,partial
tron,TNtTcstZdy5vppwDMQuR9gy6n5rT4o7ptq,outgoing,TMSH3bk1YoCA2LWppVY53G2myXSSpwb3s6,TR7NHqjeKQxGTCi8q8ZY4pL8otSzgjLj6t,1616fc7d9d22770f0f9c1e7dd27d6eee66a7e2a3473fbdfcf862148d5982d4a7,,tron:1616fc7d9d22770f0f9c1e7dd27d6eee66a7e2a3473fbdfcf862148d5982d4a7:unindexed:c01abfa0d74bd3bc,442950000,,2026-08-10T15:20:45+00:00,unknown,confirmed,true,v1/accounts/.../transactions/trc20:tron:1616fc7d9d22770f0f9c1e7dd27d6eee66a7e2a3473fbdfcf862148d5982d4a7:unindexed:c01abfa0d74bd3bc,2026-08-10T13:59:54+00:00,2026-08-10T16:59:54+00:00,partial
tron,TNtTcstZdy5vppwDMQuR9gy6n5rT4o7ptq,outgoing,TCX9FttwWbzx9NePVRsSvkUtAfM7HWHKy5,TR7NHqjeKQxGTCi8q8ZY4pL8otSzgjLj6t,f58980792449f228a86f95be361fb284096a49da68823ecbd58903c6d97494db,,tron:f58980792449f228a86f95be361fb284096a49da68823ecbd58903c6d97494db:unindexed:1fc11e7ca87f1d4d,3000000000,,2026-08-10T15:20:45+00:00,unknown,confirmed,true,v1/accounts/.../transactions/trc20:tron:f58980792449f228a86f95be361fb284096a49da68823ecbd58903c6d97494db:unindexed:1fc11e7ca87f1d4d,2026-08-10T13:59:54+00:00,2026-08-10T16:59:54+00:00,partial
tron,TNtTcstZdy5vppwDMQuR9gy6n5rT4o7ptq,outgoing,TF5hr3rsAeqNohHiq6Hnz5uZbkHWVKnPAQ,TR7NHqjeKQxGTCi8q8ZY4pL8otSzgjLj6t,89a6c4b3ed5f537876f916858f517336ddb14e59c185bc240afbf80992d41381,,tron:89a6c4b3ed5f537876f916858f517336ddb14e59c185bc240afbf80992d41381:unindexed:cd4db5fc8ca3e56b,1279990000,,2026-08-10T15:22:00+00:00,unknown,confirmed,true,v1/accounts/.../transactions/trc20:tron:89a6c4b3ed5f537876f916858f517336ddb14e59c185bc240afbf80992d41381:unindexed:cd4db5fc8ca3e56b,2026-08-10T13:59:54+00:00,2026-08-10T16:59:54+00:00,partial
tron,TNtTcstZdy5vppwDMQuR9gy6n5rT4o7ptq,outgoing,TE6tmsCiZvYG16bVmUWUE19J5xpYppmZ98,TR7NHqjeKQxGTCi8q8ZY4pL8otSzgjLj6t,9d052cf4cae7eb6f37500371b16f30edaf3b7eea334156e14f4dd5943a4b9148,,tron:9d052cf4cae7eb6f37500371b16f30edaf3b7eea334156e14f4dd5943a4b9148:unindexed:689ea8f26de3fe0c,44580000,,2026-08-10T15:22:30+00:00,unknown,confirmed,true,v1/accounts/.../transactions/trc20:tron:9d052cf4cae7eb6f37500371b16f30edaf3b7eea334156e14f4dd5943a4b9148:unindexed:689ea8f26de3fe0c,2026-08-10T13:59:54+00:00,2026-08-10T16:59:54+00:00,partial
tron,TNtTcstZdy5vppwDMQuR9gy6n5rT4o7ptq,outgoing,TXiGXXoEjGYVSwk5fhDEMevxMkTQBKrPLe,TR7NHqjeKQxGTCi8q8ZY4pL8otSzgjLj6t,1e0ff4cfcf3c168f2060206e8917aae57a3bf3987a25d628a2fc380fc70b316c,,tron:1e0ff4cfcf3c168f2060206e8917aae57a3bf3987a25d628a2fc380fc70b316c:unindexed:c9d04c7e8c9820df,1372430000,,2026-08-10T15:24:48+00:00,unknown,confirmed,true,v1/accounts/.../transactions/trc20:tron:1e0ff4cfcf3c168f2060206e8917aae57a3bf3987a25d628a2fc380fc70b316c:unindexed:c9d04c7e8c9820df,2026-08-10T13:59:54+00:00,2026-08-10T16:59:54+00:00,partial
tron,TNtTcstZdy5vppwDMQuR9gy6n5rT4o7ptq,outgoing,TQv6fCfTxDDMaYxbsXVzojDzK8sXJ6XuGx,TR7NHqjeKQxGTCi8q8ZY4pL8otSzgjLj6t,9f5ec92960237b55b2ae8d8bf82fc21e1e366d58fdc0a160fc75c3106eb6fa04,,tron:9f5ec92960237b55b2ae8d8bf82fc21e1e366d58fdc0a160fc75c3106eb6fa04:unindexed:72dcb084bd0104d2,74510000,,2026-08-10T15:25:21+00:00,unknown,confirmed,true,v1/accounts/.../transactions/trc20:tron:9f5ec92960237b55b2ae8d8bf82fc21e1e366d58fdc0a160fc75c3106eb6fa04:unindexed:72dcb084bd0104d2,2026-08-10T13:59:54+00:00,2026-08-10T16:59:54+00:00,partial
tron,TNtTcstZdy5vppwDMQuR9gy6n5rT4o7ptq,outgoing,TYQaJMLKqFwGzPxSfB1at25YyRB3Q2Baz1,TR7NHqjeKQxGTCi8q8ZY4pL8otSzgjLj6t,a2a863fb609e1bacade25088f596271d3405ab569e412ca2e10919cfa0335b93,,tron:a2a863fb609e1bacade25088f596271d3405ab569e412ca2e10919cfa0335b93:unindexed:79d30ef399569ad6,431190000,,2026-08-10T15:25:21+00:00,unknown,confirmed,true,v1/accounts/.../transactions/trc20:tron:a2a863fb609e1bacade25088f596271d3405ab569e412ca2e10919cfa0335b93:unindexed:79d30ef399569ad6,2026-08-10T13:59:54+00:00,2026-08-10T16:59:54+00:00,partial
tron,TNtTcstZdy5vppwDMQuR9gy6n5rT4o7ptq,outgoing,TPpVTPw9PCYWEzrJww9btoTJeMRqek8UCw,TR7NHqjeKQxGTCi8q8ZY4pL8otSzgjLj6t,283679e31d2effc35b2e1902c1902323de860cfc422786f69d29ae45b4a32ba8,,tron:283679e31d2effc35b2e1902c1902323de860cfc422786f69d29ae45b4a32ba8:unindexed:b29f04d3c1349e98,43390000,,2026-08-10T15:25:54+00:00,unknown,confirmed,true,v1/accounts/.../transactions/trc20:tron:283679e31d2effc35b2e1902c1902323de860cfc422786f69d29ae45b4a32ba8:unindexed:b29f04d3c1349e98,2026-08-10T13:59:54+00:00,2026-08-10T16:59:54+00:00,partial
tron,TNtTcstZdy5vppwDMQuR9gy6n5rT4o7ptq,outgoing,TJzqiVB2XM768doGB8WKSoBumrqwRDydiH,TR7NHqjeKQxGTCi8q8ZY4pL8otSzgjLj6t,6ba4a539a414bd77cf2c4d946c02395ee23128e4c6521a14734139994ef97f5c,,tron:6ba4a539a414bd77cf2c4d946c02395ee23128e4c6521a14734139994ef97f5c:unindexed:acfaadb3f41118b7,87390000,,2026-08-10T15:26:30+00:00,unknown,confirmed,true,v1/accounts/.../transactions/trc20:tron:6ba4a539a414bd77cf2c4d946c02395ee23128e4c6521a14734139994ef97f5c:unindexed:acfaadb3f41118b7,2026-08-10T13:59:54+00:00,2026-08-10T16:59:54+00:00,partial
tron,TNtTcstZdy5vppwDMQuR9gy6n5rT4o7ptq,outgoing,TCTySy1DBGMzQzrtz7nkJVhmMDdHXaUjQc,TR7NHqjeKQxGTCi8q8ZY4pL8otSzgjLj6t,eb78ca8e1536f3b137ef085bc87a34bd11e75d3d036cbf020f7310ac353d1086,,tron:eb78ca8e1536f3b137ef085bc87a34bd11e75d3d036cbf020f7310ac353d1086:unindexed:0125b7f18f3c88f3,665170000,,2026-08-10T15:27:03+00:00,unknown,confirmed,true,v1/accounts/.../transactions/trc20:tron:eb78ca8e1536f3b137ef085bc87a34bd11e75d3d036cbf020f7310ac353d1086:unindexed:0125b7f18f3c88f3,2026-08-10T13:59:54+00:00,2026-08-10T16:59:54+00:00,partial
tron,TNtTcstZdy5vppwDMQuR9gy6n5rT4o7ptq,outgoing,TSrUrCZn76yVjZrK5osVjp58znHejP4uX1,TR7NHqjeKQxGTCi8q8ZY4pL8otSzgjLj6t,aaf0f222dfd9fd3adc5d444ce4a074d03b41dac1b66aa49ac5515e7b25e1c0f7,,tron:aaf0f222dfd9fd3adc5d444ce4a074d03b41dac1b66aa49ac5515e7b25e1c0f7:unindexed:ad1ee8304317fbe7,301760000,,2026-08-10T15:27:24+00:00,unknown,confirmed,true,v1/accounts/.../transactions/trc20:tron:aaf0f222dfd9fd3adc5d444ce4a074d03b41dac1b66aa49ac5515e7b25e1c0f7:unindexed:ad1ee8304317fbe7,2026-08-10T13:59:54+00:00,2026-08-10T16:59:54+00:00,partial
tron,TNtTcstZdy5vppwDMQuR9gy6n5rT4o7ptq,outgoing,TYXq3cmiaYu1YBMBkn3jcrmfjAKRjwizXX,TR7NHqjeKQxGTCi8q8ZY4pL8otSzgjLj6t,501ff3a3d792b72e9bbc93a09038f30fd3dd7c84b5b98fffd134f2c0cbc16002,,tron:501ff3a3d792b72e9bbc93a09038f30fd3dd7c84b5b98fffd134f2c0cbc16002:unindexed:6d4bd00ffc0b3932,10000000000,,2026-08-10T15:27:27+00:00,unknown,confirmed,true,v1/accounts/.../transactions/trc20:tron:501ff3a3d792b72e9bbc93a09038f30fd3dd7c84b5b98fffd134f2c0cbc16002:unindexed:6d4bd00ffc0b3932,2026-08-10T13:59:54+00:00,2026-08-10T16:59:54+00:00,partial
tron,TNtTcstZdy5vppwDMQuR9gy6n5rT4o7ptq,outgoing,TJ816oWHGL2b3SANfVs7qPUuuPWNGbfzaH,TR7NHqjeKQxGTCi8q8ZY4pL8otSzgjLj6t,58b127df4ef0e3d8d25c2c54e973160f9f819a939f1d4fe9f43791d87c85540c,,tron:58b127df4ef0e3d8d25c2c54e973160f9f819a939f1d4fe9f43791d87c85540c:unindexed:32fd2f70c7a98c75,84430000,,2026-08-10T15:29:03+00:00,unknown,confirmed,true,v1/accounts/.../transactions/trc20:tron:58b127df4ef0e3d8d25c2c54e973160f9f819a939f1d4fe9f43791d87c85540c:unindexed:32fd2f70c7a98c75,2026-08-10T13:59:54+00:00,2026-08-10T16:59:54+00:00,partial
tron,TNtTcstZdy5vppwDMQuR9gy6n5rT4o7ptq,outgoing,TUoWvykvJj56M39b3wMpQmk4x5YR8ERsMR,TR7NHqjeKQxGTCi8q8ZY4pL8otSzgjLj6t,f2b20223003dad240d9bb997f5150b99f0c8da75dadca7f48020e67823ce84ff,,tron:f2b20223003dad240d9bb997f5150b99f0c8da75dadca7f48020e67823ce84ff:unindexed:68c8127bf83d44bb,146650000,,2026-08-10T15:29:33+00:00,unknown,confirmed,true,v1/accounts/.../transactions/trc20:tron:f2b20223003dad240d9bb997f5150b99f0c8da75dadca7f48020e67823ce84ff:unindexed:68c8127bf83d44bb,2026-08-10T13:59:54+00:00,2026-08-10T16:59:54+00:00,partial
tron,TNtTcstZdy5vppwDMQuR9gy6n5rT4o7ptq,outgoing,TYfxtkCooUX7rzjRqBGLan9XkCxqkrCRir,TR7NHqjeKQxGTCi8q8ZY4pL8otSzgjLj6t,7e7833011dc04b9ef885de1d52c5b772cd43fcf121f9454710c74ec930c22824,,tron:7e7833011dc04b9ef885de1d52c5b772cd43fcf121f9454710c74ec930c22824:unindexed:bef526e523f4d486,117020000,,2026-08-10T15:30:15+00:00,unknown,confirmed,true,v1/accounts/.../transactions/trc20:tron:7e7833011dc04b9ef885de1d52c5b772cd43fcf121f9454710c74ec930c22824:unindexed:bef526e523f4d486,2026-08-10T13:59:54+00:00,2026-08-10T16:59:54+00:00,partial
tron,TNtTcstZdy5vppwDMQuR9gy6n5rT4o7ptq,outgoing,TYirSu6LrEAguq49GYBt9PpiQ4JS38yKdq,TR7NHqjeKQxGTCi8q8ZY4pL8otSzgjLj6t,9e5d6450553f19f094229317d3c899da768283a22e5b39b5503d1b53cd46c4ce,,tron:9e5d6450553f19f094229317d3c899da768283a22e5b39b5503d1b53cd46c4ce:unindexed:979c9b44e40e707a,930890000,,2026-08-10T15:30:48+00:00,unknown,confirmed,true,v1/accounts/.../transactions/trc20:tron:9e5d6450553f19f094229317d3c899da768283a22e5b39b5503d1b53cd46c4ce:unindexed:979c9b44e40e707a,2026-08-10T13:59:54+00:00,2026-08-10T16:59:54+00:00,partial
tron,TNtTcstZdy5vppwDMQuR9gy6n5rT4o7ptq,outgoing,TM5Z6FgxJzQCu59JdwTjQ4mL68X8xgneKr,TR7NHqjeKQxGTCi8q8ZY4pL8otSzgjLj6t,a5a363bff2a2ae462a608abcccf8fc4f5f1dfab98775d6e1e25f94676cf157b7,,tron:a5a363bff2a2ae462a608abcccf8fc4f5f1dfab98775d6e1e25f94676cf157b7:unindexed:938940b5cf701b8c,739250000,,2026-08-10T15:31:27+00:00,unknown,confirmed,true,v1/accounts/.../transactions/trc20:tron:a5a363bff2a2ae462a608abcccf8fc4f5f1dfab98775d6e1e25f94676cf157b7:unindexed:938940b5cf701b8c,2026-08-10T13:59:54+00:00,2026-08-10T16:59:54+00:00,partial
tron,TNtTcstZdy5vppwDMQuR9gy6n5rT4o7ptq,outgoing,TLNkB3HTAgMbHz18WHdC3bigqAEMrZNdKk,TR7NHqjeKQxGTCi8q8ZY4pL8otSzgjLj6t,cd4abdd6b99d67a06ce37ed81240ce69d7ce0fcef845d9b9e570e0a9e8f3e021,,tron:cd4abdd6b99d67a06ce37ed81240ce69d7ce0fcef845d9b9e570e0a9e8f3e021:unindexed:392eed3d17fea725,207250000,,2026-08-10T15:32:30+00:00,unknown,confirmed,true,v1/accounts/.../transactions/trc20:tron:cd4abdd6b99d67a06ce37ed81240ce69d7ce0fcef845d9b9e570e0a9e8f3e021:unindexed:392eed3d17fea725,2026-08-10T13:59:54+00:00,2026-08-10T16:59:54+00:00,partial
tron,TNtTcstZdy5vppwDMQuR9gy6n5rT4o7ptq,outgoing,TA6yPR7D8mAsubYKp9QKFrBZdn7cJphXZf,TR7NHqjeKQxGTCi8q8ZY4pL8otSzgjLj6t,cf50a04575fd531543cbd84ebea5de0a546d4d7d77c9ba1676c5fe64c4adb4c5,,tron:cf50a04575fd531543cbd84ebea5de0a546d4d7d77c9ba1676c5fe64c4adb4c5:unindexed:27a08a3ef8238421,309410000,,2026-08-10T15:34:39+00:00,unknown,confirmed,true,v1/accounts/.../transactions/trc20:tron:cf50a04575fd531543cbd84ebea5de0a546d4d7d77c9ba1676c5fe64c4adb4c5:unindexed:27a08a3ef8238421,2026-08-10T13:59:54+00:00,2026-08-10T16:59:54+00:00,partial
tron,TNtTcstZdy5vppwDMQuR9gy6n5rT4o7ptq,outgoing,TMS4knSgX2nKCtJSYx9jNh6WT7PDV9ZGbj,TR7NHqjeKQxGTCi8q8ZY4pL8otSzgjLj6t,5c83144eaa68845f7db5aee62ccf232b2d87f326477c07be0a64fdfbe23e2c22,,tron:5c83144eaa68845f7db5aee62ccf232b2d87f326477c07be0a64fdfbe23e2c22:unindexed:69147cd55e30e60e,3800000000,,2026-08-10T15:34:42+00:00,unknown,confirmed,true,v1/accounts/.../transactions/trc20:tron:5c83144eaa68845f7db5aee62ccf232b2d87f326477c07be0a64fdfbe23e2c22:unindexed:69147cd55e30e60e,2026-08-10T13:59:54+00:00,2026-08-10T16:59:54+00:00,partial
tron,TNtTcstZdy5vppwDMQuR9gy6n5rT4o7ptq,outgoing,TMkiWPem5Ko1ezgLgkuSunL9r5jEBbkFu8,TR7NHqjeKQxGTCi8q8ZY4pL8otSzgjLj6t,5e438d793320bd2f0c5f29796708c6979bebb39deee3332625193c37c7a404da,,tron:5e438d793320bd2f0c5f29796708c6979bebb39deee3332625193c37c7a404da:unindexed:a1b97a683ce4b42e,2910660000,,2026-08-10T15:34:42+00:00,unknown,confirmed,true,v1/accounts/.../transactions/trc20:tron:5e438d793320bd2f0c5f29796708c6979bebb39deee3332625193c37c7a404da:unindexed:a1b97a683ce4b42e,2026-08-10T13:59:54+00:00,2026-08-10T16:59:54+00:00,partial
tron,TNtTcstZdy5vppwDMQuR9gy6n5rT4o7ptq,outgoing,TGVqT1HLzHVDsHY6mGifyijjxZA45iimvf,TR7NHqjeKQxGTCi8q8ZY4pL8otSzgjLj6t,e17ab8ae462d90beaf4f533fa1d7b43f31403c3c6bf0b50c849d2ec8a5c23805,,tron:e17ab8ae462d90beaf4f533fa1d7b43f31403c3c6bf0b50c849d2ec8a5c23805:unindexed:aeba18a156c1ed0c,2718670000,,2026-08-10T15:34:42+00:00,unknown,confirmed,true,v1/accounts/.../transactions/trc20:tron:e17ab8ae462d90beaf4f533fa1d7b43f31403c3c6bf0b50c849d2ec8a5c23805:unindexed:aeba18a156c1ed0c,2026-08-10T13:59:54+00:00,2026-08-10T16:59:54+00:00,partial
tron,TNtTcstZdy5vppwDMQuR9gy6n5rT4o7ptq,outgoing,TXnov2dammjSbywMjuybzaMenV8kpA1kjZ,TR7NHqjeKQxGTCi8q8ZY4pL8otSzgjLj6t,20eb589829e4d5930715772ba9bbf3a590c9867c38db5f69bbcb5d281f35a020,,tron:20eb589829e4d5930715772ba9bbf3a590c9867c38db5f69bbcb5d281f35a020:unindexed:975e8afd0e19b2df,44120000,,2026-08-10T15:38:27+00:00,unknown,confirmed,true,v1/accounts/.../transactions/trc20:tron:20eb589829e4d5930715772ba9bbf3a590c9867c38db5f69bbcb5d281f35a020:unindexed:975e8afd0e19b2df,2026-08-10T13:59:54+00:00,2026-08-10T16:59:54+00:00,partial
tron,TNtTcstZdy5vppwDMQuR9gy6n5rT4o7ptq,outgoing,TS65BvaAxDVzTQztKPWZpmVu6tpRcGieFo,TR7NHqjeKQxGTCi8q8ZY4pL8otSzgjLj6t,ee1bd58aa20b30f2894f4fa4283c14a4c54535e14e2c6c2ac816a020c30e92c4,,tron:ee1bd58aa20b30f2894f4fa4283c14a4c54535e14e2c6c2ac816a020c30e92c4:unindexed:9334bed7a827b684,178570000,,2026-08-10T15:39:09+00:00,unknown,confirmed,true,v1/accounts/.../transactions/trc20:tron:ee1bd58aa20b30f2894f4fa4283c14a4c54535e14e2c6c2ac816a020c30e92c4:unindexed:9334bed7a827b684,2026-08-10T13:59:54+00:00,2026-08-10T16:59:54+00:00,partial
tron,TNtTcstZdy5vppwDMQuR9gy6n5rT4o7ptq,outgoing,TQyVaywhRX94iukdLmhauuFZuEfEJQiSGJ,TR7NHqjeKQxGTCi8q8ZY4pL8otSzgjLj6t,ecec28bc8de9cc189b3e77887e7466225933d442a3d8017d69989700fed6cbaf,,tron:ecec28bc8de9cc189b3e77887e7466225933d442a3d8017d69989700fed6cbaf:unindexed:9d24af4372848201,76580000,,2026-08-10T15:40:39+00:00,unknown,confirmed,true,v1/accounts/.../transactions/trc20:tron:ecec28bc8de9cc189b3e77887e7466225933d442a3d8017d69989700fed6cbaf:unindexed:9d24af4372848201,2026-08-10T13:59:54+00:00,2026-08-10T16:59:54+00:00,partial
tron,TNtTcstZdy5vppwDMQuR9gy6n5rT4o7ptq,outgoing,TYyL7N67a4R2BexQzGicpYFrChjuNfKrK7,TR7NHqjeKQxGTCi8q8ZY4pL8otSzgjLj6t,f54a1802f65385f0f61af258c6b32c8dc881445a04ae22b394c4636f08e36c37,,tron:f54a1802f65385f0f61af258c6b32c8dc881445a04ae22b394c4636f08e36c37:unindexed:97fc9a7a80183fd3,14700000000,,2026-08-10T15:41:00+00:00,unknown,confirmed,true,v1/accounts/.../transactions/trc20:tron:f54a1802f65385f0f61af258c6b32c8dc881445a04ae22b394c4636f08e36c37:unindexed:97fc9a7a80183fd3,2026-08-10T13:59:54+00:00,2026-08-10T16:59:54+00:00,partial
tron,TNtTcstZdy5vppwDMQuR9gy6n5rT4o7ptq,outgoing,TBn6p8ZasVaGrm5DxcDjDwwqVM7fyzm5ED,TR7NHqjeKQxGTCi8q8ZY4pL8otSzgjLj6t,b3511de794edcadb9f2852b781fda1d83cc6158bca7fc3d976087e40ca0f774a,,tron:b3511de794edcadb9f2852b781fda1d83cc6158bca7fc3d976087e40ca0f774a:unindexed:0028adccdefdf02f,31100000,,2026-08-10T15:41:33+00:00,unknown,confirmed,true,v1/accounts/.../transactions/trc20:tron:b3511de794edcadb9f2852b781fda1d83cc6158bca7fc3d976087e40ca0f774a:unindexed:0028adccdefdf02f,2026-08-10T13:59:54+00:00,2026-08-10T16:59:54+00:00,partial
tron,TNtTcstZdy5vppwDMQuR9gy6n5rT4o7ptq,outgoing,TKF24WBizcr8T5sFa2LLfbJP83QbWKukyH,TR7NHqjeKQxGTCi8q8ZY4pL8otSzgjLj6t,27e0b4460542c101739b78da5cf01e901b7986ecde1272d6d3257afa373ad0c1,,tron:27e0b4460542c101739b78da5cf01e901b7986ecde1272d6d3257afa373ad0c1:unindexed:f6d1b2f3bb85221f,309620000,,2026-08-10T15:43:00+00:00,unknown,confirmed,true,v1/accounts/.../transactions/trc20:tron:27e0b4460542c101739b78da5cf01e901b7986ecde1272d6d3257afa373ad0c1:unindexed:f6d1b2f3bb85221f,2026-08-10T13:59:54+00:00,2026-08-10T16:59:54+00:00,partial
tron,TNtTcstZdy5vppwDMQuR9gy6n5rT4o7ptq,outgoing,TL5631f9c3QqdTKo5NAyu5x2KqFjYYr6Mk,TR7NHqjeKQxGTCi8q8ZY4pL8otSzgjLj6t,5852f2767b795f6252d0e91e55887471256e5efa49d20aa8180c78d3880bc53c,,tron:5852f2767b795f6252d0e91e55887471256e5efa49d20aa8180c78d3880bc53c:unindexed:fe96b54a11664b8b,591100000,,2026-08-10T15:43:21+00:00,unknown,confirmed,true,v1/accounts/.../transactions/trc20:tron:5852f2767b795f6252d0e91e55887471256e5efa49d20aa8180c78d3880bc53c:unindexed:fe96b54a11664b8b,2026-08-10T13:59:54+00:00,2026-08-10T16:59:54+00:00,partial
tron,TNtTcstZdy5vppwDMQuR9gy6n5rT4o7ptq,outgoing,TXnov2dammjSbywMjuybzaMenV8kpA1kjZ,TR7NHqjeKQxGTCi8q8ZY4pL8otSzgjLj6t,591425aa6fb1b3d9117844649cc64e2f2f4cb578683c7fb964246c50d148ec9c,,tron:591425aa6fb1b3d9117844649cc64e2f2f4cb578683c7fb964246c50d148ec9c:unindexed:bd881d827a6c6b85,588300000,,2026-08-10T15:43:45+00:00,unknown,confirmed,true,v1/accounts/.../transactions/trc20:tron:591425aa6fb1b3d9117844649cc64e2f2f4cb578683c7fb964246c50d148ec9c:unindexed:bd881d827a6c6b85,2026-08-10T13:59:54+00:00,2026-08-10T16:59:54+00:00,partial
tron,TNtTcstZdy5vppwDMQuR9gy6n5rT4o7ptq,incoming,TNRyJuZoY9p7x9aMGQ3PyvcSzo31XfTQZB,TR7NHqjeKQxGTCi8q8ZY4pL8otSzgjLj6t,3dc3ef5f088498d1e3d5a63698fee730850b090368cf6ea463bf24610463a78a,,tron:3dc3ef5f088498d1e3d5a63698fee730850b090368cf6ea463bf24610463a78a:unindexed:19742568164cbf4b,750000000000,,2026-08-10T15:45:09+00:00,unknown,confirmed,true,v1/accounts/.../transactions/trc20:tron:3dc3ef5f088498d1e3d5a63698fee730850b090368cf6ea463bf24610463a78a:unindexed:19742568164cbf4b,2026-08-10T13:59:54+00:00,2026-08-10T16:59:54+00:00,complete_within_scope
tron,TNtTcstZdy5vppwDMQuR9gy6n5rT4o7ptq,outgoing,TZEVabsF8YLUU2qwwe7n2dwHPySrf44wtW,TR7NHqjeKQxGTCi8q8ZY4pL8otSzgjLj6t,45e02e97bda24aff75c71eb80184ffc1b9e2a582147afbdf7cc8362c8f36681e,,tron:45e02e97bda24aff75c71eb80184ffc1b9e2a582147afbdf7cc8362c8f36681e:unindexed:9052f7c4e1fccecf,10011470000,,2026-08-10T15:45:54+00:00,unknown,confirmed,true,v1/accounts/.../transactions/trc20:tron:45e02e97bda24aff75c71eb80184ffc1b9e2a582147afbdf7cc8362c8f36681e:unindexed:9052f7c4e1fccecf,2026-08-10T13:59:54+00:00,2026-08-10T16:59:54+00:00,partial
tron,TNtTcstZdy5vppwDMQuR9gy6n5rT4o7ptq,outgoing,TZEVabsF8YLUU2qwwe7n2dwHPySrf44wtW,TR7NHqjeKQxGTCi8q8ZY4pL8otSzgjLj6t,52606fa4a3b96d0824f93626ba5e6185936d18733d324b3522d41dd77d39b1ef,,tron:52606fa4a3b96d0824f93626ba5e6185936d18733d324b3522d41dd77d39b1ef:unindexed:57a6467f4dfff50b,1105810000,,2026-08-10T15:45:54+00:00,unknown,confirmed,true,v1/accounts/.../transactions/trc20:tron:52606fa4a3b96d0824f93626ba5e6185936d18733d324b3522d41dd77d39b1ef:unindexed:57a6467f4dfff50b,2026-08-10T13:59:54+00:00,2026-08-10T16:59:54+00:00,partial
tron,TNtTcstZdy5vppwDMQuR9gy6n5rT4o7ptq,outgoing,TUoWvykvJj56M39b3wMpQmk4x5YR8ERsMR,TR7NHqjeKQxGTCi8q8ZY4pL8otSzgjLj6t,1f5061cf88da578596b0096e1e138e6a7e99b872fb9c5ce091ecddc0dcdf90e2,,tron:1f5061cf88da578596b0096e1e138e6a7e99b872fb9c5ce091ecddc0dcdf90e2:unindexed:68c8127bf83d44bb,146650000,,2026-08-10T15:46:27+00:00,unknown,confirmed,true,v1/accounts/.../transactions/trc20:tron:1f5061cf88da578596b0096e1e138e6a7e99b872fb9c5ce091ecddc0dcdf90e2:unindexed:68c8127bf83d44bb,2026-08-10T13:59:54+00:00,2026-08-10T16:59:54+00:00,partial
tron,TNtTcstZdy5vppwDMQuR9gy6n5rT4o7ptq,outgoing,TJgpzB6asxcKYCw5Wo74NHzk7HdEeFdwV6,TR7NHqjeKQxGTCi8q8ZY4pL8otSzgjLj6t,a6beb2481d7013ddd5383f93e4e71a94660a6423d3b280597b4ccd866fc58a13,,tron:a6beb2481d7013ddd5383f93e4e71a94660a6423d3b280597b4ccd866fc58a13:unindexed:781c7398ffacb713,72580000,,2026-08-10T15:47:12+00:00,unknown,confirmed,true,v1/accounts/.../transactions/trc20:tron:a6beb2481d7013ddd5383f93e4e71a94660a6423d3b280597b4ccd866fc58a13:unindexed:781c7398ffacb713,2026-08-10T13:59:54+00:00,2026-08-10T16:59:54+00:00,partial
tron,TNtTcstZdy5vppwDMQuR9gy6n5rT4o7ptq,outgoing,TPhYDiErHkhq7qsizhrm2DuFLopMAq1v1z,TR7NHqjeKQxGTCi8q8ZY4pL8otSzgjLj6t,56be1103f485801e9bee5627264acd9e9426c2a902898f7e048b82789168c52f,,tron:56be1103f485801e9bee5627264acd9e9426c2a902898f7e048b82789168c52f:unindexed:2dd20a21ac44b7d2,58950000,,2026-08-10T15:48:27+00:00,unknown,confirmed,true,v1/accounts/.../transactions/trc20:tron:56be1103f485801e9bee5627264acd9e9426c2a902898f7e048b82789168c52f:unindexed:2dd20a21ac44b7d2,2026-08-10T13:59:54+00:00,2026-08-10T16:59:54+00:00,partial
tron,TNtTcstZdy5vppwDMQuR9gy6n5rT4o7ptq,outgoing,TVTzXxAipks86kf3xCUFWteE6pehM6kFQr,TR7NHqjeKQxGTCi8q8ZY4pL8otSzgjLj6t,45b41cb845abb7e8711721c00c254fda2f8e3de8d535766986bca486de8c8a50,,tron:45b41cb845abb7e8711721c00c254fda2f8e3de8d535766986bca486de8c8a50:unindexed:ec8928e7a5187295,28430000,,2026-08-10T15:49:12+00:00,unknown,confirmed,true,v1/accounts/.../transactions/trc20:tron:45b41cb845abb7e8711721c00c254fda2f8e3de8d535766986bca486de8c8a50:unindexed:ec8928e7a5187295,2026-08-10T13:59:54+00:00,2026-08-10T16:59:54+00:00,partial
tron,TNtTcstZdy5vppwDMQuR9gy6n5rT4o7ptq,outgoing,TCVg1dKZW7QYBdTpu3cmGKpm5SRjqq5Tu1,TR7NHqjeKQxGTCi8q8ZY4pL8otSzgjLj6t,44667cd63045755c776b37f6701160caaeee3c03f70410b443048dc38b4c1c91,,tron:44667cd63045755c776b37f6701160caaeee3c03f70410b443048dc38b4c1c91:unindexed:2f57d67d4f2a7a7e,131840000,,2026-08-10T15:49:33+00:00,unknown,confirmed,true,v1/accounts/.../transactions/trc20:tron:44667cd63045755c776b37f6701160caaeee3c03f70410b443048dc38b4c1c91:unindexed:2f57d67d4f2a7a7e,2026-08-10T13:59:54+00:00,2026-08-10T16:59:54+00:00,partial
tron,TNtTcstZdy5vppwDMQuR9gy6n5rT4o7ptq,outgoing,TSEB7wy7Dgxq3CCdFg5sJtfU87JVjUQhgv,TR7NHqjeKQxGTCi8q8ZY4pL8otSzgjLj6t,29adbd30d96cdd937bff489a20697601b8d4c186c0d2c080209389b5a197bc73,,tron:29adbd30d96cdd937bff489a20697601b8d4c186c0d2c080209389b5a197bc73:unindexed:3f4b495de43ac00a,977170000,,2026-08-10T15:50:51+00:00,unknown,confirmed,true,v1/accounts/.../transactions/trc20:tron:29adbd30d96cdd937bff489a20697601b8d4c186c0d2c080209389b5a197bc73:unindexed:3f4b495de43ac00a,2026-08-10T13:59:54+00:00,2026-08-10T16:59:54+00:00,partial
tron,TNtTcstZdy5vppwDMQuR9gy6n5rT4o7ptq,outgoing,TAMwgh17RomozAdUuACekCDwQiAPohbgUC,TR7NHqjeKQxGTCi8q8ZY4pL8otSzgjLj6t,5822555a147862c5d3836ade744d50f34785fa43057b14f7ed71069b7c253044,,tron:5822555a147862c5d3836ade744d50f34785fa43057b14f7ed71069b7c253044:unindexed:c9731c07a0d24b5b,44604550000,,2026-08-10T15:50:51+00:00,unknown,confirmed,true,v1/accounts/.../transactions/trc20:tron:5822555a147862c5d3836ade744d50f34785fa43057b14f7ed71069b7c253044:unindexed:c9731c07a0d24b5b,2026-08-10T13:59:54+00:00,2026-08-10T16:59:54+00:00,partial
tron,TNtTcstZdy5vppwDMQuR9gy6n5rT4o7ptq,outgoing,TMw58aNfPqAou6cZp8Zrcc5C9fXPedATXN,TR7NHqjeKQxGTCi8q8ZY4pL8otSzgjLj6t,62aafb0a871152c5d0c41bb2032430efdbbdca2c4e897019240577e36a132ad6,,tron:62aafb0a871152c5d0c41bb2032430efdbbdca2c4e897019240577e36a132ad6:unindexed:3af68acc8caa8615,119390000,,2026-08-10T15:51:15+00:00,unknown,confirmed,true,v1/accounts/.../transactions/trc20:tron:62aafb0a871152c5d0c41bb2032430efdbbdca2c4e897019240577e36a132ad6:unindexed:3af68acc8caa8615,2026-08-10T13:59:54+00:00,2026-08-10T16:59:54+00:00,partial
tron,TNtTcstZdy5vppwDMQuR9gy6n5rT4o7ptq,outgoing,TVqW2NN8sDPwjywWZPdSTEGV5gMwMseXrs,TR7NHqjeKQxGTCi8q8ZY4pL8otSzgjLj6t,6676705b5505e1ea90c6c4162cbe2d2ea307df251a8fe0a18db3b20b6121dfc2,,tron:6676705b5505e1ea90c6c4162cbe2d2ea307df251a8fe0a18db3b20b6121dfc2:unindexed:531678574d5cc064,2305280000,,2026-08-10T15:51:15+00:00,unknown,confirmed,true,v1/accounts/.../transactions/trc20:tron:6676705b5505e1ea90c6c4162cbe2d2ea307df251a8fe0a18db3b20b6121dfc2:unindexed:531678574d5cc064,2026-08-10T13:59:54+00:00,2026-08-10T16:59:54+00:00,partial
tron,TNtTcstZdy5vppwDMQuR9gy6n5rT4o7ptq,outgoing,TMy4ULMRj2TSrCDRT1mXRLM8dHo9XDbC8y,TR7NHqjeKQxGTCi8q8ZY4pL8otSzgjLj6t,a712f731106b94a722ca1fa678d98d92c16307a17c6ede1424f9453c60f25dae,,tron:a712f731106b94a722ca1fa678d98d92c16307a17c6ede1424f9453c60f25dae:unindexed:3ad15c78ee68f413,1479990000,,2026-08-10T15:53:27+00:00,unknown,confirmed,true,v1/accounts/.../transactions/trc20:tron:a712f731106b94a722ca1fa678d98d92c16307a17c6ede1424f9453c60f25dae:unindexed:3ad15c78ee68f413,2026-08-10T13:59:54+00:00,2026-08-10T16:59:54+00:00,partial
tron,TNtTcstZdy5vppwDMQuR9gy6n5rT4o7ptq,outgoing,THRqbNfHY2fA6LUrG8XBGuazJCpafJmCPb,TR7NHqjeKQxGTCi8q8ZY4pL8otSzgjLj6t,fcfc55b5daa98cce9a15e38c97b47f1cfaa7f53cbb51f054b7244ef3203082e7,,tron:fcfc55b5daa98cce9a15e38c97b47f1cfaa7f53cbb51f054b7244ef3203082e7:unindexed:7d56cd5a45eb8547,296300000,,2026-08-10T15:54:00+00:00,unknown,confirmed,true,v1/accounts/.../transactions/trc20:tron:fcfc55b5daa98cce9a15e38c97b47f1cfaa7f53cbb51f054b7244ef3203082e7:unindexed:7d56cd5a45eb8547,2026-08-10T13:59:54+00:00,2026-08-10T16:59:54+00:00,partial
tron,TNtTcstZdy5vppwDMQuR9gy6n5rT4o7ptq,outgoing,TCCGAFuytzmMRQjkkXREFXAUoc6JRFEALG,TR7NHqjeKQxGTCi8q8ZY4pL8otSzgjLj6t,a7a5305a4dad1a4b763b4374c2b9ce502d91d0ca343bf23e0852c05d184dc06a,,tron:a7a5305a4dad1a4b763b4374c2b9ce502d91d0ca343bf23e0852c05d184dc06a:unindexed:3e27dd15e7b832d5,75000000,,2026-08-10T15:54:42+00:00,unknown,confirmed,true,v1/accounts/.../transactions/trc20:tron:a7a5305a4dad1a4b763b4374c2b9ce502d91d0ca343bf23e0852c05d184dc06a:unindexed:3e27dd15e7b832d5,2026-08-10T13:59:54+00:00,2026-08-10T16:59:54+00:00,partial
tron,TNtTcstZdy5vppwDMQuR9gy6n5rT4o7ptq,outgoing,TPNiXiBoQb5D9uUTTv3hjGCDED4iq7637T,TR7NHqjeKQxGTCi8q8ZY4pL8otSzgjLj6t,f762f43eb0f425c60cf5577051bb1de5bee79ad6c8dd7c599c0c01d2fe599fa0,,tron:f762f43eb0f425c60cf5577051bb1de5bee79ad6c8dd7c599c0c01d2fe599fa0:unindexed:20aa0f4d42cab577,4717080000,,2026-08-10T15:54:42+00:00,unknown,confirmed,true,v1/accounts/.../transactions/trc20:tron:f762f43eb0f425c60cf5577051bb1de5bee79ad6c8dd7c599c0c01d2fe599fa0:unindexed:20aa0f4d42cab577,2026-08-10T13:59:54+00:00,2026-08-10T16:59:54+00:00,partial
tron,TNtTcstZdy5vppwDMQuR9gy6n5rT4o7ptq,outgoing,TCwmAU6CzQt8AhdBmqo7pJ9UXMNTo9FcHR,TR7NHqjeKQxGTCi8q8ZY4pL8otSzgjLj6t,45be63c3f9d108a059e3edc44c58e1c22cf831c1c70e1878b79bacf5c9ecc9a8,,tron:45be63c3f9d108a059e3edc44c58e1c22cf831c1c70e1878b79bacf5c9ecc9a8:unindexed:51a353259a4192a1,428140000,,2026-08-10T15:55:03+00:00,unknown,confirmed,true,v1/accounts/.../transactions/trc20:tron:45be63c3f9d108a059e3edc44c58e1c22cf831c1c70e1878b79bacf5c9ecc9a8:unindexed:51a353259a4192a1,2026-08-10T13:59:54+00:00,2026-08-10T16:59:54+00:00,partial
tron,TNtTcstZdy5vppwDMQuR9gy6n5rT4o7ptq,outgoing,TKF24WBizcr8T5sFa2LLfbJP83QbWKukyH,TR7NHqjeKQxGTCi8q8ZY4pL8otSzgjLj6t,e346a98935c670edd07c1f7760ef7bcab2f3d4306f795a6735ee5cab5359dd34,,tron:e346a98935c670edd07c1f7760ef7bcab2f3d4306f795a6735ee5cab5359dd34:unindexed:69adc2f745a2053b,296880000,,2026-08-10T15:55:03+00:00,unknown,confirmed,true,v1/accounts/.../transactions/trc20:tron:e346a98935c670edd07c1f7760ef7bcab2f3d4306f795a6735ee5cab5359dd34:unindexed:69adc2f745a2053b,2026-08-10T13:59:54+00:00,2026-08-10T16:59:54+00:00,partial
tron,TNtTcstZdy5vppwDMQuR9gy6n5rT4o7ptq,outgoing,TJGudzMWJuWXMTdhXmxud8HhcWeifMxGuR,TR7NHqjeKQxGTCi8q8ZY4pL8otSzgjLj6t,264443658eb756c8be14694b910ca4c55cbaf2f580c94464b691b79043410748,,tron:264443658eb756c8be14694b910ca4c55cbaf2f580c94464b691b79043410748:unindexed:3f2d6dd7173cf861,673620000,,2026-08-10T15:56:33+00:00,unknown,confirmed,true,v1/accounts/.../transactions/trc20:tron:264443658eb756c8be14694b910ca4c55cbaf2f580c94464b691b79043410748:unindexed:3f2d6dd7173cf861,2026-08-10T13:59:54+00:00,2026-08-10T16:59:54+00:00,partial
tron,TNtTcstZdy5vppwDMQuR9gy6n5rT4o7ptq,outgoing,TZEVabsF8YLUU2qwwe7n2dwHPySrf44wtW,TR7NHqjeKQxGTCi8q8ZY4pL8otSzgjLj6t,3d845212f8c39c321c6b77a6fd589ba97ced1fcb26f21c020048a0280681269c,,tron:3d845212f8c39c321c6b77a6fd589ba97ced1fcb26f21c020048a0280681269c:unindexed:99fc82217175f169,41591640000,,2026-08-10T15:57:06+00:00,unknown,confirmed,true,v1/accounts/.../transactions/trc20:tron:3d845212f8c39c321c6b77a6fd589ba97ced1fcb26f21c020048a0280681269c:unindexed:99fc82217175f169,2026-08-10T13:59:54+00:00,2026-08-10T16:59:54+00:00,partial
tron,TNtTcstZdy5vppwDMQuR9gy6n5rT4o7ptq,outgoing,TCr8YpQvEQYz1T6L9P461EKywu84L7U7Z1,TR7NHqjeKQxGTCi8q8ZY4pL8otSzgjLj6t,c8c5ece67ebc7bf5c03883dd4a6bbfcd9b2350be5feeb3501280922f7136fbe4,,tron:c8c5ece67ebc7bf5c03883dd4a6bbfcd9b2350be5feeb3501280922f7136fbe4:unindexed:ef74871f0fea8114,266560000,,2026-08-10T15:57:06+00:00,unknown,confirmed,true,v1/accounts/.../transactions/trc20:tron:c8c5ece67ebc7bf5c03883dd4a6bbfcd9b2350be5feeb3501280922f7136fbe4:unindexed:ef74871f0fea8114,2026-08-10T13:59:54+00:00,2026-08-10T16:59:54+00:00,partial
tron,TNtTcstZdy5vppwDMQuR9gy6n5rT4o7ptq,outgoing,TAtfYPEf23QD4KRiB3TfKxpeBvtN8aUBNB,TR7NHqjeKQxGTCi8q8ZY4pL8otSzgjLj6t,8088fbe9670d481adb9870dec33a779a6ce15d33f27bddca3b96abff38dd511b,,tron:8088fbe9670d481adb9870dec33a779a6ce15d33f27bddca3b96abff38dd511b:unindexed:f6a5bb9c2af729e3,146650000,,2026-08-10T15:57:42+00:00,unknown,confirmed,true,v1/accounts/.../transactions/trc20:tron:8088fbe9670d481adb9870dec33a779a6ce15d33f27bddca3b96abff38dd511b:unindexed:f6a5bb9c2af729e3,2026-08-10T13:59:54+00:00,2026-08-10T16:59:54+00:00,partial
tron,TNtTcstZdy5vppwDMQuR9gy6n5rT4o7ptq,outgoing,TXxpd61FpLHZKSxWtYrKu8uQ74pXZrdGhW,TR7NHqjeKQxGTCi8q8ZY4pL8otSzgjLj6t,9c5e529c2ff59ed1371ccb46769e998802bacc384692ddd86a4784970d1159c5,,tron:9c5e529c2ff59ed1371ccb46769e998802bacc384692ddd86a4784970d1159c5:unindexed:fb4d162a813bee03,146650000,,2026-08-10T15:58:39+00:00,unknown,confirmed,true,v1/accounts/.../transactions/trc20:tron:9c5e529c2ff59ed1371ccb46769e998802bacc384692ddd86a4784970d1159c5:unindexed:fb4d162a813bee03,2026-08-10T13:59:54+00:00,2026-08-10T16:59:54+00:00,partial
tron,TNtTcstZdy5vppwDMQuR9gy6n5rT4o7ptq,outgoing,TTCsowmnjdchnCfHDdDA8hY8Czmwgj7WeW,TR7NHqjeKQxGTCi8q8ZY4pL8otSzgjLj6t,80e90ad5cf3d27f6826a3e8a5addd7255ff04f478784a527061932a89e1f8085,,tron:80e90ad5cf3d27f6826a3e8a5addd7255ff04f478784a527061932a89e1f8085:unindexed:63a98597b58107cb,830970000,,2026-08-10T15:59:09+00:00,unknown,confirmed,true,v1/accounts/.../transactions/trc20:tron:80e90ad5cf3d27f6826a3e8a5addd7255ff04f478784a527061932a89e1f8085:unindexed:63a98597b58107cb,2026-08-10T13:59:54+00:00,2026-08-10T16:59:54+00:00,partial
tron,TNtTcstZdy5vppwDMQuR9gy6n5rT4o7ptq,outgoing,TYfxtkCooUX7rzjRqBGLan9XkCxqkrCRir,TR7NHqjeKQxGTCi8q8ZY4pL8otSzgjLj6t,84025aacbd098c91c8ea240481c6304d528807a84d3591246c06782071709997,,tron:84025aacbd098c91c8ea240481c6304d528807a84d3591246c06782071709997:unindexed:48a8bac33a55e803,72140000,,2026-08-10T15:59:54+00:00,unknown,confirmed,true,v1/accounts/.../transactions/trc20:tron:84025aacbd098c91c8ea240481c6304d528807a84d3591246c06782071709997:unindexed:48a8bac33a55e803,2026-08-10T13:59:54+00:00,2026-08-10T16:59:54+00:00,partial
tron,TNtTcstZdy5vppwDMQuR9gy6n5rT4o7ptq,outgoing,TBVc34vXYhg5FTFt2DFbGB1uy6dK1ijmzS,TR7NHqjeKQxGTCi8q8ZY4pL8otSzgjLj6t,1a60cb680a96b28c9a7d7f799281cbaa014bba2f130e8e1aaaa211942953410a,,tron:1a60cb680a96b28c9a7d7f799281cbaa014bba2f130e8e1aaaa211942953410a:unindexed:7337bc73d3c3699f,50360000,,2026-08-10T16:00:45+00:00,unknown,confirmed,true,v1/accounts/.../transactions/trc20:tron:1a60cb680a96b28c9a7d7f799281cbaa014bba2f130e8e1aaaa211942953410a:unindexed:7337bc73d3c3699f,2026-08-10T13:59:54+00:00,2026-08-10T16:59:54+00:00,partial
tron,TNtTcstZdy5vppwDMQuR9gy6n5rT4o7ptq,outgoing,TXxpd61FpLHZKSxWtYrKu8uQ74pXZrdGhW,TR7NHqjeKQxGTCi8q8ZY4pL8otSzgjLj6t,0d2f1e9418c905686380b0ecd41babcef42e5f540636b802f175286b1d7d6d94,,tron:0d2f1e9418c905686380b0ecd41babcef42e5f540636b802f175286b1d7d6d94:unindexed:a751765bccec0076,145780000,,2026-08-10T16:02:21+00:00,unknown,confirmed,true,v1/accounts/.../transactions/trc20:tron:0d2f1e9418c905686380b0ecd41babcef42e5f540636b802f175286b1d7d6d94:unindexed:a751765bccec0076,2026-08-10T13:59:54+00:00,2026-08-10T16:59:54+00:00,partial
tron,TNtTcstZdy5vppwDMQuR9gy6n5rT4o7ptq,outgoing,TCuz1tfpe4HYpArXxYd8QrTzsghaZg4hPH,TR7NHqjeKQxGTCi8q8ZY4pL8otSzgjLj6t,e021fe513bc1ec3f6953ea61465d6834d89774c75f20d2784be2cf7d22c8d9ba,,tron:e021fe513bc1ec3f6953ea61465d6834d89774c75f20d2784be2cf7d22c8d9ba:unindexed:4dbb1b106ce5cfee,5065122000,,2026-08-10T16:02:42+00:00,unknown,confirmed,true,v1/accounts/.../transactions/trc20:tron:e021fe513bc1ec3f6953ea61465d6834d89774c75f20d2784be2cf7d22c8d9ba:unindexed:4dbb1b106ce5cfee,2026-08-10T13:59:54+00:00,2026-08-10T16:59:54+00:00,partial
tron,TNtTcstZdy5vppwDMQuR9gy6n5rT4o7ptq,outgoing,TDdQqym5EEdueVSBnJD9fS7dBRW2w4339m,TR7NHqjeKQxGTCi8q8ZY4pL8otSzgjLj6t,b3c05319768000ef0431c0cd04034315e93c0751283e35d1c48794f59d1363da,,tron:b3c05319768000ef0431c0cd04034315e93c0751283e35d1c48794f59d1363da:unindexed:4e7a4ffdd225741c,224000000,,2026-08-10T16:04:00+00:00,unknown,confirmed,true,v1/accounts/.../transactions/trc20:tron:b3c05319768000ef0431c0cd04034315e93c0751283e35d1c48794f59d1363da:unindexed:4e7a4ffdd225741c,2026-08-10T13:59:54+00:00,2026-08-10T16:59:54+00:00,partial
tron,TNtTcstZdy5vppwDMQuR9gy6n5rT4o7ptq,outgoing,TTzwNsTj3v6smKLLsQX4aVdUfNTsNCR8va,TR7NHqjeKQxGTCi8q8ZY4pL8otSzgjLj6t,243279b20c15a46dbdf4d20252998aefcd67af48fccdc8f5a93512205166d361,,tron:243279b20c15a46dbdf4d20252998aefcd67af48fccdc8f5a93512205166d361:unindexed:5cec73d6374598ec,605630000,,2026-08-10T16:04:24+00:00,unknown,confirmed,true,v1/accounts/.../transactions/trc20:tron:243279b20c15a46dbdf4d20252998aefcd67af48fccdc8f5a93512205166d361:unindexed:5cec73d6374598ec,2026-08-10T13:59:54+00:00,2026-08-10T16:59:54+00:00,partial
tron,TNtTcstZdy5vppwDMQuR9gy6n5rT4o7ptq,outgoing,TYHRikvGewGQuk339XB5zJ5ogpbk6mXL7z,TR7NHqjeKQxGTCi8q8ZY4pL8otSzgjLj6t,53d746c2e5b5ebd0ba62f7d926eddf0dcca441f0c4d3f3f3c9d5e340d92ccb8d,,tron:53d746c2e5b5ebd0ba62f7d926eddf0dcca441f0c4d3f3f3c9d5e340d92ccb8d:unindexed:c210ec8b72f5e139,1600000000,,2026-08-10T16:04:24+00:00,unknown,confirmed,true,v1/accounts/.../transactions/trc20:tron:53d746c2e5b5ebd0ba62f7d926eddf0dcca441f0c4d3f3f3c9d5e340d92ccb8d:unindexed:c210ec8b72f5e139,2026-08-10T13:59:54+00:00,2026-08-10T16:59:54+00:00,partial
tron,TNtTcstZdy5vppwDMQuR9gy6n5rT4o7ptq,outgoing,TDWBARbqeidCe4hbYhUdYV1bLYLcAUq3Kv,TR7NHqjeKQxGTCi8q8ZY4pL8otSzgjLj6t,6adaf27e79c2710e219e463f2fc44289d7bd72798fc8824e20796beb2a6f9c1f,,tron:6adaf27e79c2710e219e463f2fc44289d7bd72798fc8824e20796beb2a6f9c1f:unindexed:e44076210225fc2f,136740000,,2026-08-10T16:04:57+00:00,unknown,confirmed,true,v1/accounts/.../transactions/trc20:tron:6adaf27e79c2710e219e463f2fc44289d7bd72798fc8824e20796beb2a6f9c1f:unindexed:e44076210225fc2f,2026-08-10T13:59:54+00:00,2026-08-10T16:59:54+00:00,partial
tron,TNtTcstZdy5vppwDMQuR9gy6n5rT4o7ptq,outgoing,TJ816oWHGL2b3SANfVs7qPUuuPWNGbfzaH,TR7NHqjeKQxGTCi8q8ZY4pL8otSzgjLj6t,b005b60be476c7a5400862ebc62b143097a0f0e1c6ed2f92cdd914a7895adc77,,tron:b005b60be476c7a5400862ebc62b143097a0f0e1c6ed2f92cdd914a7895adc77:unindexed:b4b2570f9c61d3db,145780000,,2026-08-10T16:04:57+00:00,unknown,confirmed,true,v1/accounts/.../transactions/trc20:tron:b005b60be476c7a5400862ebc62b143097a0f0e1c6ed2f92cdd914a7895adc77:unindexed:b4b2570f9c61d3db,2026-08-10T13:59:54+00:00,2026-08-10T16:59:54+00:00,partial
tron,TNtTcstZdy5vppwDMQuR9gy6n5rT4o7ptq,outgoing,TTk3t2ojPNNrCyKoyggMMtioyTNQwB6VJV,TR7NHqjeKQxGTCi8q8ZY4pL8otSzgjLj6t,07ff66c6d6e8a9d1ea77f4375e0553ae28c38d5bd0f66b0ecec17c1bb6e809a3,,tron:07ff66c6d6e8a9d1ea77f4375e0553ae28c38d5bd0f66b0ecec17c1bb6e809a3:unindexed:a0545b49d1f9bc27,148150000,,2026-08-10T16:05:30+00:00,unknown,confirmed,true,v1/accounts/.../transactions/trc20:tron:07ff66c6d6e8a9d1ea77f4375e0553ae28c38d5bd0f66b0ecec17c1bb6e809a3:unindexed:a0545b49d1f9bc27,2026-08-10T13:59:54+00:00,2026-08-10T16:59:54+00:00,partial
tron,TNtTcstZdy5vppwDMQuR9gy6n5rT4o7ptq,outgoing,TCjrwj2inMpvh8p4vcaXDXRp4zGoynDnkH,TR7NHqjeKQxGTCi8q8ZY4pL8otSzgjLj6t,0b5b6c319d3e1f4a7bba30e74f8366220ecf7de11bb9ca35a9f7f767eb6df687,,tron:0b5b6c319d3e1f4a7bba30e74f8366220ecf7de11bb9ca35a9f7f767eb6df687:unindexed:1dc892878f921703,1342840000,,2026-08-10T16:05:30+00:00,unknown,confirmed,true,v1/accounts/.../transactions/trc20:tron:0b5b6c319d3e1f4a7bba30e74f8366220ecf7de11bb9ca35a9f7f767eb6df687:unindexed:1dc892878f921703,2026-08-10T13:59:54+00:00,2026-08-10T16:59:54+00:00,partial
tron,TNtTcstZdy5vppwDMQuR9gy6n5rT4o7ptq,outgoing,TCRuhrq6XzWsLmL2WLf7QwToNAnZzyZvEc,TR7NHqjeKQxGTCi8q8ZY4pL8otSzgjLj6t,71eea21b8bc34d460edb88ac64e94b3037eadab1c946e434b3656b0c7c04d8f0,,tron:71eea21b8bc34d460edb88ac64e94b3037eadab1c946e434b3656b0c7c04d8f0:unindexed:a01b09978a97055d,118520000,,2026-08-10T16:05:30+00:00,unknown,confirmed,true,v1/accounts/.../transactions/trc20:tron:71eea21b8bc34d460edb88ac64e94b3037eadab1c946e434b3656b0c7c04d8f0:unindexed:a01b09978a97055d,2026-08-10T13:59:54+00:00,2026-08-10T16:59:54+00:00,partial
tron,TNtTcstZdy5vppwDMQuR9gy6n5rT4o7ptq,outgoing,TA6yPR7D8mAsubYKp9QKFrBZdn7cJphXZf,TR7NHqjeKQxGTCi8q8ZY4pL8otSzgjLj6t,f9a3e2575a94875d828746711bf37e7dc224be4f82e354b3910b854ddefafc72,,tron:f9a3e2575a94875d828746711bf37e7dc224be4f82e354b3910b854ddefafc72:unindexed:5ca115f879870d64,185640000,,2026-08-10T16:05:30+00:00,unknown,confirmed,true,v1/accounts/.../transactions/trc20:tron:f9a3e2575a94875d828746711bf37e7dc224be4f82e354b3910b854ddefafc72:unindexed:5ca115f879870d64,2026-08-10T13:59:54+00:00,2026-08-10T16:59:54+00:00,partial
tron,TNtTcstZdy5vppwDMQuR9gy6n5rT4o7ptq,outgoing,TPq8DfdBQLz4mqxAdaSLXUgUFUk387Lf9A,TR7NHqjeKQxGTCi8q8ZY4pL8otSzgjLj6t,1287f65212bf48a3b2604ead0938628aa11f2a1b9f4701f94cbfb4d3013235c4,,tron:1287f65212bf48a3b2604ead0938628aa11f2a1b9f4701f94cbfb4d3013235c4:unindexed:b9a4b46595e21dcb,192590000,,2026-08-10T16:05:51+00:00,unknown,confirmed,true,v1/accounts/.../transactions/trc20:tron:1287f65212bf48a3b2604ead0938628aa11f2a1b9f4701f94cbfb4d3013235c4:unindexed:b9a4b46595e21dcb,2026-08-10T13:59:54+00:00,2026-08-10T16:59:54+00:00,partial
tron,TNtTcstZdy5vppwDMQuR9gy6n5rT4o7ptq,outgoing,THqkhdfomRzMUinLUqS1DUcTqtb1xvvM4H,TR7NHqjeKQxGTCi8q8ZY4pL8otSzgjLj6t,18a4867a5049dcb77756229ffd668567d380cffa4d7f076ea172eb2d0743a881,,tron:18a4867a5049dcb77756229ffd668567d380cffa4d7f076ea172eb2d0743a881:unindexed:695549f2d10c4fa7,152740000,,2026-08-10T16:05:51+00:00,unknown,confirmed,true,v1/accounts/.../transactions/trc20:tron:18a4867a5049dcb77756229ffd668567d380cffa4d7f076ea172eb2d0743a881:unindexed:695549f2d10c4fa7,2026-08-10T13:59:54+00:00,2026-08-10T16:59:54+00:00,partial
tron,TNtTcstZdy5vppwDMQuR9gy6n5rT4o7ptq,outgoing,TMCk78qZ8ibjJCBjdufoKSnKvYMcDaASYN,TR7NHqjeKQxGTCi8q8ZY4pL8otSzgjLj6t,674c086ce6f0b4939f699eae39f6d645e97dbc6d6456d034a56e9611b41abeb7,,tron:674c086ce6f0b4939f699eae39f6d645e97dbc6d6456d034a56e9611b41abeb7:unindexed:b26f34e69c3fe8e7,10370000,,2026-08-10T16:10:33+00:00,unknown,confirmed,true,v1/accounts/.../transactions/trc20:tron:674c086ce6f0b4939f699eae39f6d645e97dbc6d6456d034a56e9611b41abeb7:unindexed:b26f34e69c3fe8e7,2026-08-10T13:59:54+00:00,2026-08-10T16:59:54+00:00,partial
tron,TNtTcstZdy5vppwDMQuR9gy6n5rT4o7ptq,outgoing,TXMPx3ufb6VSdaVGEo5bhCEYy2bsu7xKCZ,TR7NHqjeKQxGTCi8q8ZY4pL8otSzgjLj6t,751d4359b2ede065f0d62688abe3a07cebd1992851cb94e21fd97c7baa86145e,,tron:751d4359b2ede065f0d62688abe3a07cebd1992851cb94e21fd97c7baa86145e:unindexed:bfab48fe602f27e0,429630000,,2026-08-10T16:11:15+00:00,unknown,confirmed,true,v1/accounts/.../transactions/trc20:tron:751d4359b2ede065f0d62688abe3a07cebd1992851cb94e21fd97c7baa86145e:unindexed:bfab48fe602f27e0,2026-08-10T13:59:54+00:00,2026-08-10T16:59:54+00:00,partial
tron,TNtTcstZdy5vppwDMQuR9gy6n5rT4o7ptq,outgoing,TVD8YqdbD3KskZYTRQjtREwfazqsmJ5Exg,TR7NHqjeKQxGTCi8q8ZY4pL8otSzgjLj6t,975ba1a0d105b8d05f1bba3b04fbc46eef8b12821191cd342b40d5096dfc2f8a,,tron:975ba1a0d105b8d05f1bba3b04fbc46eef8b12821191cd342b40d5096dfc2f8a:unindexed:00e0d352331c2f3e,3000000000,,2026-08-10T16:12:21+00:00,unknown,confirmed,true,v1/accounts/.../transactions/trc20:tron:975ba1a0d105b8d05f1bba3b04fbc46eef8b12821191cd342b40d5096dfc2f8a:unindexed:00e0d352331c2f3e,2026-08-10T13:59:54+00:00,2026-08-10T16:59:54+00:00,partial
tron,TNtTcstZdy5vppwDMQuR9gy6n5rT4o7ptq,outgoing,TS5N6JgBdym23EwPTY5rAJXF7sgFTEomKJ,TR7NHqjeKQxGTCi8q8ZY4pL8otSzgjLj6t,b46a80efa4924e4fe22a6f86f8fbdf9abc81fbe98c4ecbed24a6708975777f1b,,tron:b46a80efa4924e4fe22a6f86f8fbdf9abc81fbe98c4ecbed24a6708975777f1b:unindexed:79c90398bd21f286,5700000000,,2026-08-10T16:12:21+00:00,unknown,confirmed,true,v1/accounts/.../transactions/trc20:tron:b46a80efa4924e4fe22a6f86f8fbdf9abc81fbe98c4ecbed24a6708975777f1b:unindexed:79c90398bd21f286,2026-08-10T13:59:54+00:00,2026-08-10T16:59:54+00:00,partial
tron,TNtTcstZdy5vppwDMQuR9gy6n5rT4o7ptq,outgoing,TCXiYqdeG2uQvt1eBrQ3XMvVuSv3YmUAMp,TR7NHqjeKQxGTCi8q8ZY4pL8otSzgjLj6t,e02cbdfbfdbbde4f0b7d312137a4e777d6ee59c4168367c1929ba903750133ee,,tron:e02cbdfbfdbbde4f0b7d312137a4e777d6ee59c4168367c1929ba903750133ee:unindexed:f368f9f40c3e098d,145780000,,2026-08-10T16:12:21+00:00,unknown,confirmed,true,v1/accounts/.../transactions/trc20:tron:e02cbdfbfdbbde4f0b7d312137a4e777d6ee59c4168367c1929ba903750133ee:unindexed:f368f9f40c3e098d,2026-08-10T13:59:54+00:00,2026-08-10T16:59:54+00:00,partial
tron,TNtTcstZdy5vppwDMQuR9gy6n5rT4o7ptq,outgoing,TXpVLwwAxz3XLmYGqGvQL77suET2CViFsZ,TR7NHqjeKQxGTCi8q8ZY4pL8otSzgjLj6t,0f402f6282ec915e2551bd121ad7eb5f7d7c35cf06f4ead6854afccd8f18f719,,tron:0f402f6282ec915e2551bd121ad7eb5f7d7c35cf06f4ead6854afccd8f18f719:unindexed:103a3ae40499936d,116320000,,2026-08-10T16:12:42+00:00,unknown,confirmed,true,v1/accounts/.../transactions/trc20:tron:0f402f6282ec915e2551bd121ad7eb5f7d7c35cf06f4ead6854afccd8f18f719:unindexed:103a3ae40499936d,2026-08-10T13:59:54+00:00,2026-08-10T16:59:54+00:00,partial
tron,TNtTcstZdy5vppwDMQuR9gy6n5rT4o7ptq,outgoing,TQv6fCfTxDDMaYxbsXVzojDzK8sXJ6XuGx,TR7NHqjeKQxGTCi8q8ZY4pL8otSzgjLj6t,6df12ede0de83c8560f6d1378641a1f87633478d73b2e84b05628effdbebb867,,tron:6df12ede0de83c8560f6d1378641a1f87633478d73b2e84b05628effdbebb867:unindexed:6196b29ad1ca4bc1,46370000,,2026-08-10T16:12:42+00:00,unknown,confirmed,true,v1/accounts/.../transactions/trc20:tron:6df12ede0de83c8560f6d1378641a1f87633478d73b2e84b05628effdbebb867:unindexed:6196b29ad1ca4bc1,2026-08-10T13:59:54+00:00,2026-08-10T16:59:54+00:00,partial
tron,TNtTcstZdy5vppwDMQuR9gy6n5rT4o7ptq,outgoing,TUPokf7nG7LmM8ZzKkmJXaxpspBQC6DB6m,TR7NHqjeKQxGTCi8q8ZY4pL8otSzgjLj6t,4c22a4bbe518074e7b288359158ad6a3c911ab4b39dcd543c519473ad075b2e8,,tron:4c22a4bbe518074e7b288359158ad6a3c911ab4b39dcd543c519473ad075b2e8:unindexed:5875a50df51e583f,62560000,,2026-08-10T16:13:24+00:00,unknown,confirmed,true,v1/accounts/.../transactions/trc20:tron:4c22a4bbe518074e7b288359158ad6a3c911ab4b39dcd543c519473ad075b2e8:unindexed:5875a50df51e583f,2026-08-10T13:59:54+00:00,2026-08-10T16:59:54+00:00,partial
tron,TNtTcstZdy5vppwDMQuR9gy6n5rT4o7ptq,outgoing,TWkjzpTKmRjchhRTmi2dCx4mYb7xuiSWbo,TR7NHqjeKQxGTCi8q8ZY4pL8otSzgjLj6t,3421fd683dfba33e9082e3bb1e014a8dc3b96623a269abf1d398bd620af7c8c7,,tron:3421fd683dfba33e9082e3bb1e014a8dc3b96623a269abf1d398bd620af7c8c7:unindexed:1d639b251c79988c,293060000,,2026-08-10T16:14:21+00:00,unknown,confirmed,true,v1/accounts/.../transactions/trc20:tron:3421fd683dfba33e9082e3bb1e014a8dc3b96623a269abf1d398bd620af7c8c7:unindexed:1d639b251c79988c,2026-08-10T13:59:54+00:00,2026-08-10T16:59:54+00:00,partial
tron,TNtTcstZdy5vppwDMQuR9gy6n5rT4o7ptq,outgoing,TVW9ip7U8ZXdxjHogfDroDihMf3sG9t8mC,TR7NHqjeKQxGTCi8q8ZY4pL8otSzgjLj6t,7ad81fb2a5b7fcb07d76a950376c31352fe54c5239791eabb609f4a4d2208217,,tron:7ad81fb2a5b7fcb07d76a950376c31352fe54c5239791eabb609f4a4d2208217:unindexed:0107045ab869ef87,220600000,,2026-08-10T16:14:21+00:00,unknown,confirmed,true,v1/accounts/.../transactions/trc20:tron:7ad81fb2a5b7fcb07d76a950376c31352fe54c5239791eabb609f4a4d2208217:unindexed:0107045ab869ef87,2026-08-10T13:59:54+00:00,2026-08-10T16:59:54+00:00,partial
tron,TNtTcstZdy5vppwDMQuR9gy6n5rT4o7ptq,outgoing,TQtcpzWR4BH3kcePoBzJhL7reqFeDqdiqf,TR7NHqjeKQxGTCi8q8ZY4pL8otSzgjLj6t,17cfecb965cc2689215ab986969567aabd5858625e9e32d1a08d6884a58922a2,,tron:17cfecb965cc2689215ab986969567aabd5858625e9e32d1a08d6884a58922a2:unindexed:c81cbd2dfbcd4d89,204690000,,2026-08-10T16:15:15+00:00,unknown,confirmed,true,v1/accounts/.../transactions/trc20:tron:17cfecb965cc2689215ab986969567aabd5858625e9e32d1a08d6884a58922a2:unindexed:c81cbd2dfbcd4d89,2026-08-10T13:59:54+00:00,2026-08-10T16:59:54+00:00,partial
tron,TNtTcstZdy5vppwDMQuR9gy6n5rT4o7ptq,outgoing,TWFotP54QMRYt3GMHx7EN6xFWmmUcCYdzj,TR7NHqjeKQxGTCi8q8ZY4pL8otSzgjLj6t,7633e9aabc7e1742e48ef852da5131ecc83e1a3618e5a0c61b36d97b8dbbd23c,,tron:7633e9aabc7e1742e48ef852da5131ecc83e1a3618e5a0c61b36d97b8dbbd23c:unindexed:6318a68dfbbce222,101600000,,2026-08-10T16:16:33+00:00,unknown,confirmed,true,v1/accounts/.../transactions/trc20:tron:7633e9aabc7e1742e48ef852da5131ecc83e1a3618e5a0c61b36d97b8dbbd23c:unindexed:6318a68dfbbce222,2026-08-10T13:59:54+00:00,2026-08-10T16:59:54+00:00,partial
tron,TNtTcstZdy5vppwDMQuR9gy6n5rT4o7ptq,outgoing,TWX4kJti8Pc4E2rJwf7R2tMzacb9CxbNBm,TR7NHqjeKQxGTCi8q8ZY4pL8otSzgjLj6t,257ed9eb9ce75157e3cd62e106c3e9e14f0ad77f3da338f7c1c319109509621a,,tron:257ed9eb9ce75157e3cd62e106c3e9e14f0ad77f3da338f7c1c319109509621a:unindexed:6a8d283f24f9a7f8,148906000,,2026-08-10T16:17:39+00:00,unknown,confirmed,true,v1/accounts/.../transactions/trc20:tron:257ed9eb9ce75157e3cd62e106c3e9e14f0ad77f3da338f7c1c319109509621a:unindexed:6a8d283f24f9a7f8,2026-08-10T13:59:54+00:00,2026-08-10T16:59:54+00:00,partial
tron,TNtTcstZdy5vppwDMQuR9gy6n5rT4o7ptq,outgoing,TCuz1tfpe4HYpArXxYd8QrTzsghaZg4hPH,TR7NHqjeKQxGTCi8q8ZY4pL8otSzgjLj6t,0d30cd3496ae423e4e3a1b83911800d70a4341e5d2b5680ce4a0dedce9caff00,,tron:0d30cd3496ae423e4e3a1b83911800d70a4341e5d2b5680ce4a0dedce9caff00:unindexed:793e5831cfb3c31d,5788699000,,2026-08-10T16:19:39+00:00,unknown,confirmed,true,v1/accounts/.../transactions/trc20:tron:0d30cd3496ae423e4e3a1b83911800d70a4341e5d2b5680ce4a0dedce9caff00:unindexed:793e5831cfb3c31d,2026-08-10T13:59:54+00:00,2026-08-10T16:59:54+00:00,partial
tron,TNtTcstZdy5vppwDMQuR9gy6n5rT4o7ptq,outgoing,TArbY1k2dpmg3wktwgPt71qZUb9RjZ6w14,TR7NHqjeKQxGTCi8q8ZY4pL8otSzgjLj6t,6c2d5a0819d06a8a1ac5decb1b80dbcbf0505159ed0b0b240c66d26c4c188e96,,tron:6c2d5a0819d06a8a1ac5decb1b80dbcbf0505159ed0b0b240c66d26c4c188e96:unindexed:74d324eb4a4b1e6b,29368570000,,2026-08-10T16:20:12+00:00,unknown,confirmed,true,v1/accounts/.../transactions/trc20:tron:6c2d5a0819d06a8a1ac5decb1b80dbcbf0505159ed0b0b240c66d26c4c188e96:unindexed:74d324eb4a4b1e6b,2026-08-10T13:59:54+00:00,2026-08-10T16:59:54+00:00,partial
tron,TNtTcstZdy5vppwDMQuR9gy6n5rT4o7ptq,outgoing,TBqhioJLNwLntBqeDaUvsP1GvfUNFYVkrd,TR7NHqjeKQxGTCi8q8ZY4pL8otSzgjLj6t,2cb360427ca5d585ffa62ecc9325666f69e25e1719a8cacbaf5919d13d462bd6,,tron:2cb360427ca5d585ffa62ecc9325666f69e25e1719a8cacbaf5919d13d462bd6:unindexed:af11aa5542c8249d,3091290000,,2026-08-10T16:20:54+00:00,unknown,confirmed,true,v1/accounts/.../transactions/trc20:tron:2cb360427ca5d585ffa62ecc9325666f69e25e1719a8cacbaf5919d13d462bd6:unindexed:af11aa5542c8249d,2026-08-10T13:59:54+00:00,2026-08-10T16:59:54+00:00,partial
tron,TNtTcstZdy5vppwDMQuR9gy6n5rT4o7ptq,outgoing,TKQA9Mz1ih4khHQZjwdzTkdx4R2nd2kouJ,TR7NHqjeKQxGTCi8q8ZY4pL8otSzgjLj6t,95969b58ef88991a990b20e7ecbe85680ef38eb399fa000777fbb1727dc1998f,,tron:95969b58ef88991a990b20e7ecbe85680ef38eb399fa000777fbb1727dc1998f:unindexed:45ba5afef5f7db32,779060000,,2026-08-10T16:21:48+00:00,unknown,confirmed,true,v1/accounts/.../transactions/trc20:tron:95969b58ef88991a990b20e7ecbe85680ef38eb399fa000777fbb1727dc1998f:unindexed:45ba5afef5f7db32,2026-08-10T13:59:54+00:00,2026-08-10T16:59:54+00:00,partial
tron,TNtTcstZdy5vppwDMQuR9gy6n5rT4o7ptq,outgoing,TS2ukNsMTw5J4e2H6TNRaekJbrozvLWoWo,TR7NHqjeKQxGTCi8q8ZY4pL8otSzgjLj6t,5751332c4a868bbea0f0deb85856f56225e6e38ee7907a36b5c1aa20092351eb,,tron:5751332c4a868bbea0f0deb85856f56225e6e38ee7907a36b5c1aa20092351eb:unindexed:58b5b345fe6e9043,7300000000,,2026-08-10T16:22:42+00:00,unknown,confirmed,true,v1/accounts/.../transactions/trc20:tron:5751332c4a868bbea0f0deb85856f56225e6e38ee7907a36b5c1aa20092351eb:unindexed:58b5b345fe6e9043,2026-08-10T13:59:54+00:00,2026-08-10T16:59:54+00:00,partial
tron,TNtTcstZdy5vppwDMQuR9gy6n5rT4o7ptq,outgoing,TEQSgadReJCctZMA5KVdrifBANBxmVLr2W,TR7NHqjeKQxGTCi8q8ZY4pL8otSzgjLj6t,71eaa2bd2af0839cc1fc52abeafac385251b735a7ffaf0e40d508a135cf0b277,,tron:71eaa2bd2af0839cc1fc52abeafac385251b735a7ffaf0e40d508a135cf0b277:unindexed:d609658e8fe9cddd,75000000,,2026-08-10T16:25:33+00:00,unknown,confirmed,true,v1/accounts/.../transactions/trc20:tron:71eaa2bd2af0839cc1fc52abeafac385251b735a7ffaf0e40d508a135cf0b277:unindexed:d609658e8fe9cddd,2026-08-10T13:59:54+00:00,2026-08-10T16:59:54+00:00,partial
tron,TNtTcstZdy5vppwDMQuR9gy6n5rT4o7ptq,outgoing,TADUJ1UU7g7uGBf7yo9XH6TdUUSKLzuxYn,TR7NHqjeKQxGTCi8q8ZY4pL8otSzgjLj6t,be0683134ba5eca12a70ec2f93dfd62b034cb5033c4ce0ac938a7017f6a1b7d3,,tron:be0683134ba5eca12a70ec2f93dfd62b034cb5033c4ce0ac938a7017f6a1b7d3:unindexed:d4523d682d77b05e,882160000,,2026-08-10T16:25:33+00:00,unknown,confirmed,true,v1/accounts/.../transactions/trc20:tron:be0683134ba5eca12a70ec2f93dfd62b034cb5033c4ce0ac938a7017f6a1b7d3:unindexed:d4523d682d77b05e,2026-08-10T13:59:54+00:00,2026-08-10T16:59:54+00:00,partial
tron,TNtTcstZdy5vppwDMQuR9gy6n5rT4o7ptq,outgoing,TUWGs3c8jnwedPx4PRR55BHC9AE35Nge2T,TR7NHqjeKQxGTCi8q8ZY4pL8otSzgjLj6t,7112315102b29de871f18536381e3d14098fa0fc1d1743e6e07211cdc738f01e,,tron:7112315102b29de871f18536381e3d14098fa0fc1d1743e6e07211cdc738f01e:unindexed:6e724c870f48a454,34730000,,2026-08-10T16:26:15+00:00,unknown,confirmed,true,v1/accounts/.../transactions/trc20:tron:7112315102b29de871f18536381e3d14098fa0fc1d1743e6e07211cdc738f01e:unindexed:6e724c870f48a454,2026-08-10T13:59:54+00:00,2026-08-10T16:59:54+00:00,partial
tron,TNtTcstZdy5vppwDMQuR9gy6n5rT4o7ptq,outgoing,TS3hKSrSgiNoPAGZRn3ectSe9JMxh4Mwj6,TR7NHqjeKQxGTCi8q8ZY4pL8otSzgjLj6t,45f495eca31cb6c48f6cb972bd430b363d6b0021f63605082bb5be8d43ac20cf,,tron:45f495eca31cb6c48f6cb972bd430b363d6b0021f63605082bb5be8d43ac20cf:unindexed:21739ee72bdd79ab,92910000,,2026-08-10T16:27:18+00:00,unknown,confirmed,true,v1/accounts/.../transactions/trc20:tron:45f495eca31cb6c48f6cb972bd430b363d6b0021f63605082bb5be8d43ac20cf:unindexed:21739ee72bdd79ab,2026-08-10T13:59:54+00:00,2026-08-10T16:59:54+00:00,partial
tron,TNtTcstZdy5vppwDMQuR9gy6n5rT4o7ptq,outgoing,TBzXVWYLTXBi5BuseAhMtPcTXP8aVG6Yhg,TR7NHqjeKQxGTCi8q8ZY4pL8otSzgjLj6t,981b3608895125ca95803a3f9de1895c49519a69845377d332ec52c1ad1f397d,,tron:981b3608895125ca95803a3f9de1895c49519a69845377d332ec52c1ad1f397d:unindexed:4b090f64d1f2c13c,27960000,,2026-08-10T16:27:18+00:00,unknown,confirmed,true,v1/accounts/.../transactions/trc20:tron:981b3608895125ca95803a3f9de1895c49519a69845377d332ec52c1ad1f397d:unindexed:4b090f64d1f2c13c,2026-08-10T13:59:54+00:00,2026-08-10T16:59:54+00:00,partial
tron,TNtTcstZdy5vppwDMQuR9gy6n5rT4o7ptq,outgoing,TFyC36v9CaZjP2gNSHbRxHitevwmkYKNV6,TR7NHqjeKQxGTCi8q8ZY4pL8otSzgjLj6t,b8e191dfb1926d243d76741abbe1ce7f6e69607a1d1177fcb9734cfea6f2cd14,,tron:b8e191dfb1926d243d76741abbe1ce7f6e69607a1d1177fcb9734cfea6f2cd14:unindexed:a2bfee36332aa014,50340000,,2026-08-10T16:28:18+00:00,unknown,confirmed,true,v1/accounts/.../transactions/trc20:tron:b8e191dfb1926d243d76741abbe1ce7f6e69607a1d1177fcb9734cfea6f2cd14:unindexed:a2bfee36332aa014,2026-08-10T13:59:54+00:00,2026-08-10T16:59:54+00:00,partial
tron,TNtTcstZdy5vppwDMQuR9gy6n5rT4o7ptq,outgoing,TB64W3XJK6nDUNK5dpRwCAS4K6k3a7n7oz,TR7NHqjeKQxGTCi8q8ZY4pL8otSzgjLj6t,4cd6d36a6967886ea0d28ed4f9f44522c9711d7696d80ee438e7299c63fce286,,tron:4cd6d36a6967886ea0d28ed4f9f44522c9711d7696d80ee438e7299c63fce286:unindexed:0c40c6b1de9bf3ff,5000000000,,2026-08-10T16:28:39+00:00,unknown,confirmed,true,v1/accounts/.../transactions/trc20:tron:4cd6d36a6967886ea0d28ed4f9f44522c9711d7696d80ee438e7299c63fce286:unindexed:0c40c6b1de9bf3ff,2026-08-10T13:59:54+00:00,2026-08-10T16:59:54+00:00,partial
tron,TNtTcstZdy5vppwDMQuR9gy6n5rT4o7ptq,outgoing,TF5oiYzdyjPA8QCGGw3vn8qusmM1Pja5kG,TR7NHqjeKQxGTCi8q8ZY4pL8otSzgjLj6t,c69c3fb76fe94599ee1754aacd6ba2fc9831e9e5527167c15b80dffa66145d8e,,tron:c69c3fb76fe94599ee1754aacd6ba2fc9831e9e5527167c15b80dffa66145d8e:unindexed:40c24f798143a1a6,4993270000,,2026-08-10T16:28:39+00:00,unknown,confirmed,true,v1/accounts/.../transactions/trc20:tron:c69c3fb76fe94599ee1754aacd6ba2fc9831e9e5527167c15b80dffa66145d8e:unindexed:40c24f798143a1a6,2026-08-10T13:59:54+00:00,2026-08-10T16:59:54+00:00,partial
tron,TNtTcstZdy5vppwDMQuR9gy6n5rT4o7ptq,outgoing,TJdeVQJ2mnJJGS5cRyEGodB2Qj1ppb9LHw,TR7NHqjeKQxGTCi8q8ZY4pL8otSzgjLj6t,166d854002d93e71aa1c8a4a9d4e946d6a67c985e0d0a342e281bf8a67456ad9,,tron:166d854002d93e71aa1c8a4a9d4e946d6a67c985e0d0a342e281bf8a67456ad9:unindexed:1ae1e3651055d95c,50930000,,2026-08-10T16:30:03+00:00,unknown,confirmed,true,v1/accounts/.../transactions/trc20:tron:166d854002d93e71aa1c8a4a9d4e946d6a67c985e0d0a342e281bf8a67456ad9:unindexed:1ae1e3651055d95c,2026-08-10T13:59:54+00:00,2026-08-10T16:59:54+00:00,partial
tron,TNtTcstZdy5vppwDMQuR9gy6n5rT4o7ptq,outgoing,TJSLaavRuFunqbLfzSFQ9Xkh8N8SRLXT4D,TR7NHqjeKQxGTCi8q8ZY4pL8otSzgjLj6t,d044852d310f415dfc22b18ae4884c31ee6ad2d8046f28ba46cdd8c4e3e40f8b,,tron:d044852d310f415dfc22b18ae4884c31ee6ad2d8046f28ba46cdd8c4e3e40f8b:unindexed:e7e32d3bded3fb7a,27580000,,2026-08-10T16:30:36+00:00,unknown,confirmed,true,v1/accounts/.../transactions/trc20:tron:d044852d310f415dfc22b18ae4884c31ee6ad2d8046f28ba46cdd8c4e3e40f8b:unindexed:e7e32d3bded3fb7a,2026-08-10T13:59:54+00:00,2026-08-10T16:59:54+00:00,partial
tron,TNtTcstZdy5vppwDMQuR9gy6n5rT4o7ptq,outgoing,TRXeRTfGo5zbyFS9iEeVKPMHYGX94h6P1V,TR7NHqjeKQxGTCi8q8ZY4pL8otSzgjLj6t,467563f49d359276e4e0b8b67ccc1646682b77b8b18e9ea549889c70c0a20386,,tron:467563f49d359276e4e0b8b67ccc1646682b77b8b18e9ea549889c70c0a20386:unindexed:b47c79bcc3d8ad91,110000000,,2026-08-10T16:30:39+00:00,unknown,confirmed,true,v1/accounts/.../transactions/trc20:tron:467563f49d359276e4e0b8b67ccc1646682b77b8b18e9ea549889c70c0a20386:unindexed:b47c79bcc3d8ad91,2026-08-10T13:59:54+00:00,2026-08-10T16:59:54+00:00,partial
tron,TNtTcstZdy5vppwDMQuR9gy6n5rT4o7ptq,outgoing,TKfAs6U7bdNE8bPt5QNrkp3t7JFDosSsSm,TR7NHqjeKQxGTCi8q8ZY4pL8otSzgjLj6t,a8af21235dcda9a9ee68afbebe6566f9cf84cf00ea8cc219b1bd88b6a6b5f878,,tron:a8af21235dcda9a9ee68afbebe6566f9cf84cf00ea8cc219b1bd88b6a6b5f878:unindexed:e699f51348086372,441780000,,2026-08-10T16:30:39+00:00,unknown,confirmed,true,v1/accounts/.../transactions/trc20:tron:a8af21235dcda9a9ee68afbebe6566f9cf84cf00ea8cc219b1bd88b6a6b5f878:unindexed:e699f51348086372,2026-08-10T13:59:54+00:00,2026-08-10T16:59:54+00:00,partial
tron,TNtTcstZdy5vppwDMQuR9gy6n5rT4o7ptq,outgoing,THXuMGBC3uo2MSzY5cJWKLSntjwFX48cfh,TR7NHqjeKQxGTCi8q8ZY4pL8otSzgjLj6t,b5f9c45a4d0fa142584cb316e3d3760aefbf8bf28552ebb9fcbaa01b851b4097,,tron:b5f9c45a4d0fa142584cb316e3d3760aefbf8bf28552ebb9fcbaa01b851b4097:unindexed:1da498949bff8d19,750000000,,2026-08-10T16:30:39+00:00,unknown,confirmed,true,v1/accounts/.../transactions/trc20:tron:b5f9c45a4d0fa142584cb316e3d3760aefbf8bf28552ebb9fcbaa01b851b4097:unindexed:1da498949bff8d19,2026-08-10T13:59:54+00:00,2026-08-10T16:59:54+00:00,partial
tron,TNtTcstZdy5vppwDMQuR9gy6n5rT4o7ptq,outgoing,TNXAmaHU4UXEc1PCNYUMYemkJgMrUuYVPG,TR7NHqjeKQxGTCi8q8ZY4pL8otSzgjLj6t,8ac5c33d7dfd1c5a87e51e01414662d68994ccf30b2dcddc72d968f5228f10d8,,tron:8ac5c33d7dfd1c5a87e51e01414662d68994ccf30b2dcddc72d968f5228f10d8:unindexed:3a9c8985375ecbea,132000000,,2026-08-10T16:31:12+00:00,unknown,confirmed,true,v1/accounts/.../transactions/trc20:tron:8ac5c33d7dfd1c5a87e51e01414662d68994ccf30b2dcddc72d968f5228f10d8:unindexed:3a9c8985375ecbea,2026-08-10T13:59:54+00:00,2026-08-10T16:59:54+00:00,partial
tron,TNtTcstZdy5vppwDMQuR9gy6n5rT4o7ptq,outgoing,TEYLzaaLH8TjEo1ZvPdNe3Y545wi6qMtra,TR7NHqjeKQxGTCi8q8ZY4pL8otSzgjLj6t,2da61a5c523b1fafdaa25dc2954f314be2e8de7bbf4b651bd96a093eec0944e4,,tron:2da61a5c523b1fafdaa25dc2954f314be2e8de7bbf4b651bd96a093eec0944e4:unindexed:1d7073b706008629,1057000000,,2026-08-10T16:31:33+00:00,unknown,confirmed,true,v1/accounts/.../transactions/trc20:tron:2da61a5c523b1fafdaa25dc2954f314be2e8de7bbf4b651bd96a093eec0944e4:unindexed:1d7073b706008629,2026-08-10T13:59:54+00:00,2026-08-10T16:59:54+00:00,partial
tron,TNtTcstZdy5vppwDMQuR9gy6n5rT4o7ptq,outgoing,TGpM62vv444BYd1EnQwzA3hWeHj1WQYK9B,TR7NHqjeKQxGTCi8q8ZY4pL8otSzgjLj6t,48cd5977574aa113d63ac5d3754333406cb5eedd727ee0f40fc125a077178d85,,tron:48cd5977574aa113d63ac5d3754333406cb5eedd727ee0f40fc125a077178d85:unindexed:791eba584ae1dee7,3781710000,,2026-08-10T16:31:33+00:00,unknown,confirmed,true,v1/accounts/.../transactions/trc20:tron:48cd5977574aa113d63ac5d3754333406cb5eedd727ee0f40fc125a077178d85:unindexed:791eba584ae1dee7,2026-08-10T13:59:54+00:00,2026-08-10T16:59:54+00:00,partial
tron,TNtTcstZdy5vppwDMQuR9gy6n5rT4o7ptq,outgoing,TQtmM8YyFyXZ9bk5Q8nqxUZaJEiCRC6rNA,TR7NHqjeKQxGTCi8q8ZY4pL8otSzgjLj6t,6b95ff70693cf7346d709f56bcdfb0e436159eee550bd0bbd3296ffaeb45069a,,tron:6b95ff70693cf7346d709f56bcdfb0e436159eee550bd0bbd3296ffaeb45069a:unindexed:11bbf6c002667560,865660000,,2026-08-10T16:31:33+00:00,unknown,confirmed,true,v1/accounts/.../transactions/trc20:tron:6b95ff70693cf7346d709f56bcdfb0e436159eee550bd0bbd3296ffaeb45069a:unindexed:11bbf6c002667560,2026-08-10T13:59:54+00:00,2026-08-10T16:59:54+00:00,partial
tron,TNtTcstZdy5vppwDMQuR9gy6n5rT4o7ptq,outgoing,TNhWRhR3H5VYsn8TFLAxk6MsE5YsiRpxDs,TR7NHqjeKQxGTCi8q8ZY4pL8otSzgjLj6t,b21ea075f1ddf6346508daa4289043d50e6bcafe58d626705eb6b92312097f2a,,tron:b21ea075f1ddf6346508daa4289043d50e6bcafe58d626705eb6b92312097f2a:unindexed:3f8bc6849b095603,805870000,,2026-08-10T16:31:33+00:00,unknown,confirmed,true,v1/accounts/.../transactions/trc20:tron:b21ea075f1ddf6346508daa4289043d50e6bcafe58d626705eb6b92312097f2a:unindexed:3f8bc6849b095603,2026-08-10T13:59:54+00:00,2026-08-10T16:59:54+00:00,partial
tron,TNtTcstZdy5vppwDMQuR9gy6n5rT4o7ptq,outgoing,TAZyzx9KK9N6vk7cee7iH3sLTub1uXnS9T,TR7NHqjeKQxGTCi8q8ZY4pL8otSzgjLj6t,ebddefa6077f6a44849a9535e52ba626a1543125b345283683b4aef2a80f7c95,,tron:ebddefa6077f6a44849a9535e52ba626a1543125b345283683b4aef2a80f7c95:unindexed:d2069c3cdde0f268,308790000,,2026-08-10T16:31:33+00:00,unknown,confirmed,true,v1/accounts/.../transactions/trc20:tron:ebddefa6077f6a44849a9535e52ba626a1543125b345283683b4aef2a80f7c95:unindexed:d2069c3cdde0f268,2026-08-10T13:59:54+00:00,2026-08-10T16:59:54+00:00,partial
tron,TNtTcstZdy5vppwDMQuR9gy6n5rT4o7ptq,outgoing,TTs4VQuVgsEp7pNB7bkGXphhCCP1Zsbxyo,TR7NHqjeKQxGTCi8q8ZY4pL8otSzgjLj6t,b8870d1b0874397887ac2b9349b0c3545f567959e2b07740532a79d3cf54c500,,tron:b8870d1b0874397887ac2b9349b0c3545f567959e2b07740532a79d3cf54c500:unindexed:0ea8e0954a80c8c6,205000000,,2026-08-10T16:32:15+00:00,unknown,confirmed,true,v1/accounts/.../transactions/trc20:tron:b8870d1b0874397887ac2b9349b0c3545f567959e2b07740532a79d3cf54c500:unindexed:0ea8e0954a80c8c6,2026-08-10T13:59:54+00:00,2026-08-10T16:59:54+00:00,partial
tron,TNtTcstZdy5vppwDMQuR9gy6n5rT4o7ptq,outgoing,TSDMiyQBV8bjf8sam4roYhyJCQvwQ5amj5,TR7NHqjeKQxGTCi8q8ZY4pL8otSzgjLj6t,c184712e3fcc190af8ced6290c8a6b1a8cbd95a3f35760a628db923d48c937e7,,tron:c184712e3fcc190af8ced6290c8a6b1a8cbd95a3f35760a628db923d48c937e7:unindexed:30b7bcadcb0d60a2,3861560000,,2026-08-10T16:32:15+00:00,unknown,confirmed,true,v1/accounts/.../transactions/trc20:tron:c184712e3fcc190af8ced6290c8a6b1a8cbd95a3f35760a628db923d48c937e7:unindexed:30b7bcadcb0d60a2,2026-08-10T13:59:54+00:00,2026-08-10T16:59:54+00:00,partial
tron,TNtTcstZdy5vppwDMQuR9gy6n5rT4o7ptq,outgoing,TJ7kSWTAAMz25gUyCwLvewh7Q6ttP8QAba,TR7NHqjeKQxGTCi8q8ZY4pL8otSzgjLj6t,2e6e7a5bcb7e30381a5a9c15736c2eac00861afc24ab6fc8e0177fb5c51965c8,,tron:2e6e7a5bcb7e30381a5a9c15736c2eac00861afc24ab6fc8e0177fb5c51965c8:unindexed:0c8a50aa1e3fe044,110880000,,2026-08-10T16:32:39+00:00,unknown,confirmed,true,v1/accounts/.../transactions/trc20:tron:2e6e7a5bcb7e30381a5a9c15736c2eac00861afc24ab6fc8e0177fb5c51965c8:unindexed:0c8a50aa1e3fe044,2026-08-10T13:59:54+00:00,2026-08-10T16:59:54+00:00,partial
tron,TNtTcstZdy5vppwDMQuR9gy6n5rT4o7ptq,outgoing,TYj3aF3JyuhqdEnTBupuRKUVfSejksChxo,TR7NHqjeKQxGTCi8q8ZY4pL8otSzgjLj6t,6fc0ab494944379739452e3491278e71e0b0589e798ba2fa644bd795eac87549,,tron:6fc0ab494944379739452e3491278e71e0b0589e798ba2fa644bd795eac87549:unindexed:4b1c9478a304f6db,74960000,,2026-08-10T16:32:39+00:00,unknown,confirmed,true,v1/accounts/.../transactions/trc20:tron:6fc0ab494944379739452e3491278e71e0b0589e798ba2fa644bd795eac87549:unindexed:4b1c9478a304f6db,2026-08-10T13:59:54+00:00,2026-08-10T16:59:54+00:00,partial
tron,TNtTcstZdy5vppwDMQuR9gy6n5rT4o7ptq,outgoing,TP3gj23XNW2GSs1c2k6JhWdShF4V8XBGbD,TR7NHqjeKQxGTCi8q8ZY4pL8otSzgjLj6t,723b681599b19df3b00220479be597ff311423ae6c153ad50fe4d8f807be9593,,tron:723b681599b19df3b00220479be597ff311423ae6c153ad50fe4d8f807be9593:unindexed:f2310ffea86fb9b9,99000000,,2026-08-10T16:32:39+00:00,unknown,confirmed,true,v1/accounts/.../transactions/trc20:tron:723b681599b19df3b00220479be597ff311423ae6c153ad50fe4d8f807be9593:unindexed:f2310ffea86fb9b9,2026-08-10T13:59:54+00:00,2026-08-10T16:59:54+00:00,partial
tron,TNtTcstZdy5vppwDMQuR9gy6n5rT4o7ptq,outgoing,TPfjqB53WLEL4Az9EWxu7SSCjTe6TD1HC4,TR7NHqjeKQxGTCi8q8ZY4pL8otSzgjLj6t,8015785dbeb6ab6fd4cf4e4e36c91d273127d04b4cc6f0bc52c8e58f5ccb8e4e,,tron:8015785dbeb6ab6fd4cf4e4e36c91d273127d04b4cc6f0bc52c8e58f5ccb8e4e:unindexed:ce0262a86350e3e7,43000000,,2026-08-10T16:32:39+00:00,unknown,confirmed,true,v1/accounts/.../transactions/trc20:tron:8015785dbeb6ab6fd4cf4e4e36c91d273127d04b4cc6f0bc52c8e58f5ccb8e4e:unindexed:ce0262a86350e3e7,2026-08-10T13:59:54+00:00,2026-08-10T16:59:54+00:00,partial
tron,TNtTcstZdy5vppwDMQuR9gy6n5rT4o7ptq,outgoing,TFewbNoKbVgzkGtxxWPXyuPrWRAMNk56HQ,TR7NHqjeKQxGTCi8q8ZY4pL8otSzgjLj6t,8568186a5d9295facc7c22d240104df3ebdf8d19e09cc183a3f8739146e62624,,tron:8568186a5d9295facc7c22d240104df3ebdf8d19e09cc183a3f8739146e62624:unindexed:eed6e870f8ef8a32,116320000,,2026-08-10T16:32:42+00:00,unknown,confirmed,true,v1/accounts/.../transactions/trc20:tron:8568186a5d9295facc7c22d240104df3ebdf8d19e09cc183a3f8739146e62624:unindexed:eed6e870f8ef8a32,2026-08-10T13:59:54+00:00,2026-08-10T16:59:54+00:00,partial
tron,TNtTcstZdy5vppwDMQuR9gy6n5rT4o7ptq,outgoing,TWZNMy4GCSu4EoykYmUtiNgbQZGgWTB4Fq,TR7NHqjeKQxGTCi8q8ZY4pL8otSzgjLj6t,b2b37a208bdb775ebeae6dbc15bf1d7f810bb8f268b6f100a136b476f6551868,,tron:b2b37a208bdb775ebeae6dbc15bf1d7f810bb8f268b6f100a136b476f6551868:unindexed:7d491f78af0f9b74,1323980000,,2026-08-10T16:32:42+00:00,unknown,confirmed,true,v1/accounts/.../transactions/trc20:tron:b2b37a208bdb775ebeae6dbc15bf1d7f810bb8f268b6f100a136b476f6551868:unindexed:7d491f78af0f9b74,2026-08-10T13:59:54+00:00,2026-08-10T16:59:54+00:00,partial
tron,TNtTcstZdy5vppwDMQuR9gy6n5rT4o7ptq,outgoing,TLgsmyqwxRf8eTgcbjbEXJ312cDCCzh7bY,TR7NHqjeKQxGTCi8q8ZY4pL8otSzgjLj6t,ff0342655341c905423ec19289827612ed2042298f9a8182b12cbda699f4d79c,,tron:ff0342655341c905423ec19289827612ed2042298f9a8182b12cbda699f4d79c:unindexed:cb935f244d4c7607,104500000,,2026-08-10T16:33:12+00:00,unknown,confirmed,true,v1/accounts/.../transactions/trc20:tron:ff0342655341c905423ec19289827612ed2042298f9a8182b12cbda699f4d79c:unindexed:cb935f244d4c7607,2026-08-10T13:59:54+00:00,2026-08-10T16:59:54+00:00,partial
tron,TNtTcstZdy5vppwDMQuR9gy6n5rT4o7ptq,outgoing,TFjGHqELENezenAy3WwUoibpoynRJqSZgL,TR7NHqjeKQxGTCi8q8ZY4pL8otSzgjLj6t,46cf10dcfc8a472e7e7a915eab3fa9991ddf6d27f12702498e329854db29be71,,tron:46cf10dcfc8a472e7e7a915eab3fa9991ddf6d27f12702498e329854db29be71:unindexed:94c7b815a014f2d2,10000000000,,2026-08-10T16:33:15+00:00,unknown,confirmed,true,v1/accounts/.../transactions/trc20:tron:46cf10dcfc8a472e7e7a915eab3fa9991ddf6d27f12702498e329854db29be71:unindexed:94c7b815a014f2d2,2026-08-10T13:59:54+00:00,2026-08-10T16:59:54+00:00,partial
tron,TNtTcstZdy5vppwDMQuR9gy6n5rT4o7ptq,outgoing,TQnpQ1qErtRz97NaFBeoRuLqrV9jnoijHD,TR7NHqjeKQxGTCi8q8ZY4pL8otSzgjLj6t,94144be9721b14068851bbb4dc252dbe6427a2c4e59050c90acad70b8ab1079e,,tron:94144be9721b14068851bbb4dc252dbe6427a2c4e59050c90acad70b8ab1079e:unindexed:84c6d7b8424e98d6,5000000000,,2026-08-10T16:33:15+00:00,unknown,confirmed,true,v1/accounts/.../transactions/trc20:tron:94144be9721b14068851bbb4dc252dbe6427a2c4e59050c90acad70b8ab1079e:unindexed:84c6d7b8424e98d6,2026-08-10T13:59:54+00:00,2026-08-10T16:59:54+00:00,partial
tron,TNtTcstZdy5vppwDMQuR9gy6n5rT4o7ptq,outgoing,TTRh5X9Xns9hHnj8eMPNAUnkzkesWvavuR,TR7NHqjeKQxGTCi8q8ZY4pL8otSzgjLj6t,e81ad428a414baa94e437c1bac9261e668bf18ab7754eed2e957dbb3100a05ea,,tron:e81ad428a414baa94e437c1bac9261e668bf18ab7754eed2e957dbb3100a05ea:unindexed:336b65f3e81f42bf,530000000,,2026-08-10T16:33:15+00:00,unknown,confirmed,true,v1/accounts/.../transactions/trc20:tron:e81ad428a414baa94e437c1bac9261e668bf18ab7754eed2e957dbb3100a05ea:unindexed:336b65f3e81f42bf,2026-08-10T13:59:54+00:00,2026-08-10T16:59:54+00:00,partial
tron,TNtTcstZdy5vppwDMQuR9gy6n5rT4o7ptq,outgoing,TDxRJNBnyB91jNuEYgPv8FGJdMJiTYDTxX,TR7NHqjeKQxGTCi8q8ZY4pL8otSzgjLj6t,e847839a2aefd5dcd93d163fefdcb5d654e74818c652f270a06089a409abd5b7,,tron:e847839a2aefd5dcd93d163fefdcb5d654e74818c652f270a06089a409abd5b7:unindexed:ba32aa269819e5c4,10000000000,,2026-08-10T16:33:15+00:00,unknown,confirmed,true,v1/accounts/.../transactions/trc20:tron:e847839a2aefd5dcd93d163fefdcb5d654e74818c652f270a06089a409abd5b7:unindexed:ba32aa269819e5c4,2026-08-10T13:59:54+00:00,2026-08-10T16:59:54+00:00,partial
tron,TNtTcstZdy5vppwDMQuR9gy6n5rT4o7ptq,outgoing,TDDWNZLnUUogpAa5jtFN7DNPVaLmrqqFCF,TR7NHqjeKQxGTCi8q8ZY4pL8otSzgjLj6t,9b4addc579585d40bb49c46685028b743fc3b2d3620556e3f72b880293ca747e,,tron:9b4addc579585d40bb49c46685028b743fc3b2d3620556e3f72b880293ca747e:unindexed:797681b2f4f00078,305390000,,2026-08-10T16:33:48+00:00,unknown,confirmed,true,v1/accounts/.../transactions/trc20:tron:9b4addc579585d40bb49c46685028b743fc3b2d3620556e3f72b880293ca747e:unindexed:797681b2f4f00078,2026-08-10T13:59:54+00:00,2026-08-10T16:59:54+00:00,partial
tron,TNtTcstZdy5vppwDMQuR9gy6n5rT4o7ptq,outgoing,TQKUnFsq6BeqdKCsCJZgSr9bGf1X2Nmd9K,TR7NHqjeKQxGTCi8q8ZY4pL8otSzgjLj6t,81bb131bbcbd6bf66d5a2aa4f1ac4936590d1a543dca82f17d341c88ba4845ef,,tron:81bb131bbcbd6bf66d5a2aa4f1ac4936590d1a543dca82f17d341c88ba4845ef:unindexed:5a1ea1d9e344223a,135650000,,2026-08-10T16:34:21+00:00,unknown,confirmed,true,v1/accounts/.../transactions/trc20:tron:81bb131bbcbd6bf66d5a2aa4f1ac4936590d1a543dca82f17d341c88ba4845ef:unindexed:5a1ea1d9e344223a,2026-08-10T13:59:54+00:00,2026-08-10T16:59:54+00:00,partial
tron,TNtTcstZdy5vppwDMQuR9gy6n5rT4o7ptq,outgoing,TRW66wcdssZ5LUW4j4xuRR3jX3QcciXnjL,TR7NHqjeKQxGTCi8q8ZY4pL8otSzgjLj6t,b86a06d51bcc294e8d7f49232f6bb7511d9996411eb7a87eb08276d89d7220a1,,tron:b86a06d51bcc294e8d7f49232f6bb7511d9996411eb7a87eb08276d89d7220a1:unindexed:9035ced9b5eaf5cf,219890000,,2026-08-10T16:34:21+00:00,unknown,confirmed,true,v1/accounts/.../transactions/trc20:tron:b86a06d51bcc294e8d7f49232f6bb7511d9996411eb7a87eb08276d89d7220a1:unindexed:9035ced9b5eaf5cf,2026-08-10T13:59:54+00:00,2026-08-10T16:59:54+00:00,partial
tron,TNtTcstZdy5vppwDMQuR9gy6n5rT4o7ptq,outgoing,TR4BtEwFqPvoq1V9ZZdXxVosJRvNymRDsh,TR7NHqjeKQxGTCi8q8ZY4pL8otSzgjLj6t,9c67f59b6b4ce104f32a3da528db50ca3b02689df212ee6781f033793ac4ebf6,,tron:9c67f59b6b4ce104f32a3da528db50ca3b02689df212ee6781f033793ac4ebf6:unindexed:6005d19ab497726c,219890000,,2026-08-10T16:34:24+00:00,unknown,confirmed,true,v1/accounts/.../transactions/trc20:tron:9c67f59b6b4ce104f32a3da528db50ca3b02689df212ee6781f033793ac4ebf6:unindexed:6005d19ab497726c,2026-08-10T13:59:54+00:00,2026-08-10T16:59:54+00:00,partial
tron,TNtTcstZdy5vppwDMQuR9gy6n5rT4o7ptq,outgoing,TBTSyaopuxxFJssVRCKXqLkkvyN1RWkvhS,TR7NHqjeKQxGTCi8q8ZY4pL8otSzgjLj6t,35ded8726094cc0fdd05717424b5433fe8f5c4325632c356b6ebf5c15aa13373,,tron:35ded8726094cc0fdd05717424b5433fe8f5c4325632c356b6ebf5c15aa13373:unindexed:fd509d1b550db5a8,449000000,,2026-08-10T16:34:54+00:00,unknown,confirmed,true,v1/accounts/.../transactions/trc20:tron:35ded8726094cc0fdd05717424b5433fe8f5c4325632c356b6ebf5c15aa13373:unindexed:fd509d1b550db5a8,2026-08-10T13:59:54+00:00,2026-08-10T16:59:54+00:00,partial
tron,TNtTcstZdy5vppwDMQuR9gy6n5rT4o7ptq,outgoing,TFyC36v9CaZjP2gNSHbRxHitevwmkYKNV6,TR7NHqjeKQxGTCi8q8ZY4pL8otSzgjLj6t,d5b92b5093eb096cee611e6ea89807c7c51a7e4367121d368c5f7fb93eaa1a3c,,tron:d5b92b5093eb096cee611e6ea89807c7c51a7e4367121d368c5f7fb93eaa1a3c:unindexed:bd23c08433fa37fe,20440000,,2026-08-10T16:34:54+00:00,unknown,confirmed,true,v1/accounts/.../transactions/trc20:tron:d5b92b5093eb096cee611e6ea89807c7c51a7e4367121d368c5f7fb93eaa1a3c:unindexed:bd23c08433fa37fe,2026-08-10T13:59:54+00:00,2026-08-10T16:59:54+00:00,partial
tron,TNtTcstZdy5vppwDMQuR9gy6n5rT4o7ptq,outgoing,TYptwhkvAGG93Bc8tA5hNvU3hh5eoF2HK9,TR7NHqjeKQxGTCi8q8ZY4pL8otSzgjLj6t,681c3294bc29292f172fbe7d93e1bb72c6999fc23fe3f6a604e831573906eadb,,tron:681c3294bc29292f172fbe7d93e1bb72c6999fc23fe3f6a604e831573906eadb:unindexed:08403ccab18cbbcf,10000000000,,2026-08-10T16:34:57+00:00,unknown,confirmed,true,v1/accounts/.../transactions/trc20:tron:681c3294bc29292f172fbe7d93e1bb72c6999fc23fe3f6a604e831573906eadb:unindexed:08403ccab18cbbcf,2026-08-10T13:59:54+00:00,2026-08-10T16:59:54+00:00,partial
tron,TNtTcstZdy5vppwDMQuR9gy6n5rT4o7ptq,outgoing,TVLa8YfKpkRKS4jy4njn9p7zr6Vb7PkQap,TR7NHqjeKQxGTCi8q8ZY4pL8otSzgjLj6t,870e68feb047630e5e3ab691784277a6dc4daed77c4ec48a388419af95d26a69,,tron:870e68feb047630e5e3ab691784277a6dc4daed77c4ec48a388419af95d26a69:unindexed:573401d15a7de4ba,5000000000,,2026-08-10T16:34:57+00:00,unknown,confirmed,true,v1/accounts/.../transactions/trc20:tron:870e68feb047630e5e3ab691784277a6dc4daed77c4ec48a388419af95d26a69:unindexed:573401d15a7de4ba,2026-08-10T13:59:54+00:00,2026-08-10T16:59:54+00:00,partial
tron,TNtTcstZdy5vppwDMQuR9gy6n5rT4o7ptq,outgoing,TXJPCm7yjxe4Wc47PVt7M59MnrBoLGDboW,TR7NHqjeKQxGTCi8q8ZY4pL8otSzgjLj6t,9775f82a6579ee87991e1fcbee9d063ea782f87a1a9d67be5d444fd8a217dd80,,tron:9775f82a6579ee87991e1fcbee9d063ea782f87a1a9d67be5d444fd8a217dd80:unindexed:a1f5c3c033f53e2a,20000000000,,2026-08-10T16:34:57+00:00,unknown,confirmed,true,v1/accounts/.../transactions/trc20:tron:9775f82a6579ee87991e1fcbee9d063ea782f87a1a9d67be5d444fd8a217dd80:unindexed:a1f5c3c033f53e2a,2026-08-10T13:59:54+00:00,2026-08-10T16:59:54+00:00,partial
tron,TNtTcstZdy5vppwDMQuR9gy6n5rT4o7ptq,outgoing,TU3jyxKq7PEQcPb6NZ9RDoi57yCT8VBZaC,TR7NHqjeKQxGTCi8q8ZY4pL8otSzgjLj6t,55789c3b630883c0ee2f9c6a55e8a6b6366ddcc95b5322f149ec7c05e90ba298,,tron:55789c3b630883c0ee2f9c6a55e8a6b6366ddcc95b5322f149ec7c05e90ba298:unindexed:48c85c83a2b5b23d,75000000,,2026-08-10T16:35:18+00:00,unknown,confirmed,true,v1/accounts/.../transactions/trc20:tron:55789c3b630883c0ee2f9c6a55e8a6b6366ddcc95b5322f149ec7c05e90ba298:unindexed:48c85c83a2b5b23d,2026-08-10T13:59:54+00:00,2026-08-10T16:59:54+00:00,partial
tron,TNtTcstZdy5vppwDMQuR9gy6n5rT4o7ptq,outgoing,TD4tKJoQLy9n41DRWmsFv8bm6JN4jAgkmm,TR7NHqjeKQxGTCi8q8ZY4pL8otSzgjLj6t,e089cb57e9c2e8b7ac1c7a8b21a472445ee1522c0ded557183f52172ee01bbe9,,tron:e089cb57e9c2e8b7ac1c7a8b21a472445ee1522c0ded557183f52172ee01bbe9:unindexed:d203f0b9663c705d,737640000,,2026-08-10T16:35:18+00:00,unknown,confirmed,true,v1/accounts/.../transactions/trc20:tron:e089cb57e9c2e8b7ac1c7a8b21a472445ee1522c0ded557183f52172ee01bbe9:unindexed:d203f0b9663c705d,2026-08-10T13:59:54+00:00,2026-08-10T16:59:54+00:00,partial
tron,TNtTcstZdy5vppwDMQuR9gy6n5rT4o7ptq,outgoing,TEqM9Xakewcqz5KPxwCSkysbFxkHGE3pKQ,TR7NHqjeKQxGTCi8q8ZY4pL8otSzgjLj6t,7360cb91a12209f4cae3b71348d03a93e2e47904aaf90b670a6c8fde6664dfeb,,tron:7360cb91a12209f4cae3b71348d03a93e2e47904aaf90b670a6c8fde6664dfeb:unindexed:00db58ff816aedd1,741040000,,2026-08-10T16:35:51+00:00,unknown,confirmed,true,v1/accounts/.../transactions/trc20:tron:7360cb91a12209f4cae3b71348d03a93e2e47904aaf90b670a6c8fde6664dfeb:unindexed:00db58ff816aedd1,2026-08-10T13:59:54+00:00,2026-08-10T16:59:54+00:00,partial
tron,TNtTcstZdy5vppwDMQuR9gy6n5rT4o7ptq,outgoing,TUUhPBdPMKajMo7VjbeJBJeDiMifMLFFCJ,TR7NHqjeKQxGTCi8q8ZY4pL8otSzgjLj6t,98a19a009cc297a500976391d229326363a5ee1d91225b71d8b020caa1271068,,tron:98a19a009cc297a500976391d229326363a5ee1d91225b71d8b020caa1271068:unindexed:a1b87db680cdca3c,234000000,,2026-08-10T16:36:27+00:00,unknown,confirmed,true,v1/accounts/.../transactions/trc20:tron:98a19a009cc297a500976391d229326363a5ee1d91225b71d8b020caa1271068:unindexed:a1b87db680cdca3c,2026-08-10T13:59:54+00:00,2026-08-10T16:59:54+00:00,partial
tron,TNtTcstZdy5vppwDMQuR9gy6n5rT4o7ptq,outgoing,TKDdzgnJyADaUL7inRzXKpgfp1T2k51ApV,TR7NHqjeKQxGTCi8q8ZY4pL8otSzgjLj6t,12010951165de16ae4bed92b5757c924505f7d36db208f8b4308cc51d93d8c24,,tron:12010951165de16ae4bed92b5757c924505f7d36db208f8b4308cc51d93d8c24:unindexed:e5e150a752478de4,158000000,,2026-08-10T16:37:00+00:00,unknown,confirmed,true,v1/accounts/.../transactions/trc20:tron:12010951165de16ae4bed92b5757c924505f7d36db208f8b4308cc51d93d8c24:unindexed:e5e150a752478de4,2026-08-10T13:59:54+00:00,2026-08-10T16:59:54+00:00,partial
tron,TNtTcstZdy5vppwDMQuR9gy6n5rT4o7ptq,outgoing,TVxEEhW6bxF8oHZxomeyZMFjj69YpgwTjy,TR7NHqjeKQxGTCi8q8ZY4pL8otSzgjLj6t,5751afbb3a7fa1226a3ac50c791ad76559f87c36dd35bdf05a8e91b01c472555,,tron:5751afbb3a7fa1226a3ac50c791ad76559f87c36dd35bdf05a8e91b01c472555:unindexed:d3ce2a5fad9eea67,97000000,,2026-08-10T16:37:24+00:00,unknown,confirmed,true,v1/accounts/.../transactions/trc20:tron:5751afbb3a7fa1226a3ac50c791ad76559f87c36dd35bdf05a8e91b01c472555:unindexed:d3ce2a5fad9eea67,2026-08-10T13:59:54+00:00,2026-08-10T16:59:54+00:00,partial
tron,TNtTcstZdy5vppwDMQuR9gy6n5rT4o7ptq,outgoing,TTycxrxtNMCuLXisQ7ZKyxCf8SsfZT1ULK,TR7NHqjeKQxGTCi8q8ZY4pL8otSzgjLj6t,887d8cf96ec5486e2d87eded08d0eddf26fa507d056b91b5aac6103b7ba89a5a,,tron:887d8cf96ec5486e2d87eded08d0eddf26fa507d056b91b5aac6103b7ba89a5a:unindexed:acd0d64add8d7833,264000000,,2026-08-10T16:37:27+00:00,unknown,confirmed,true,v1/accounts/.../transactions/trc20:tron:887d8cf96ec5486e2d87eded08d0eddf26fa507d056b91b5aac6103b7ba89a5a:unindexed:acd0d64add8d7833,2026-08-10T13:59:54+00:00,2026-08-10T16:59:54+00:00,partial
tron,TNtTcstZdy5vppwDMQuR9gy6n5rT4o7ptq,outgoing,TUctxH1a5J29cKGKnyRJkgnnLKmKetb1Hb,TR7NHqjeKQxGTCi8q8ZY4pL8otSzgjLj6t,8dad7d6d99e6fa733b9948bbcff6fbb26fd310a49594a3aeb15c262c2af419de,,tron:8dad7d6d99e6fa733b9948bbcff6fbb26fd310a49594a3aeb15c262c2af419de:unindexed:2a37b97fd6b177dd,116000000,,2026-08-10T16:37:48+00:00,unknown,confirmed,true,v1/accounts/.../transactions/trc20:tron:8dad7d6d99e6fa733b9948bbcff6fbb26fd310a49594a3aeb15c262c2af419de:unindexed:2a37b97fd6b177dd,2026-08-10T13:59:54+00:00,2026-08-10T16:59:54+00:00,partial
tron,TNtTcstZdy5vppwDMQuR9gy6n5rT4o7ptq,outgoing,TSmytvKKPiiKCVtxz1fV4G83r618QcUsxA,TR7NHqjeKQxGTCi8q8ZY4pL8otSzgjLj6t,8471ae00c9ae111aa1802420d6d93687797a117802e9ae10cf8a6040d6b419f7,,tron:8471ae00c9ae111aa1802420d6d93687797a117802e9ae10cf8a6040d6b419f7:unindexed:a8811d3f46a658a9,61950000,,2026-08-10T16:38:21+00:00,unknown,confirmed,true,v1/accounts/.../transactions/trc20:tron:8471ae00c9ae111aa1802420d6d93687797a117802e9ae10cf8a6040d6b419f7:unindexed:a8811d3f46a658a9,2026-08-10T13:59:54+00:00,2026-08-10T16:59:54+00:00,partial
tron,TNtTcstZdy5vppwDMQuR9gy6n5rT4o7ptq,outgoing,THiKBJBnNPv7ohLCXyrZxt9QjjoNiP63Fs,TR7NHqjeKQxGTCi8q8ZY4pL8otSzgjLj6t,2bf5942cfe2ee55dcae005823783425ea5d10068b44f13c0641811cc455158df,,tron:2bf5942cfe2ee55dcae005823783425ea5d10068b44f13c0641811cc455158df:unindexed:3eff8326c037eda4,176000000,,2026-08-10T16:38:54+00:00,unknown,confirmed,true,v1/accounts/.../transactions/trc20:tron:2bf5942cfe2ee55dcae005823783425ea5d10068b44f13c0641811cc455158df:unindexed:3eff8326c037eda4,2026-08-10T13:59:54+00:00,2026-08-10T16:59:54+00:00,partial
tron,TNtTcstZdy5vppwDMQuR9gy6n5rT4o7ptq,outgoing,TR4UeKZb8tfEbgmYWqtDjUQVc7Bc9R6ojF,TR7NHqjeKQxGTCi8q8ZY4pL8otSzgjLj6t,7dab7a2d97a418d6d1ac6536ba51faeeca42a86c470a920e380a897d4b28526a,,tron:7dab7a2d97a418d6d1ac6536ba51faeeca42a86c470a920e380a897d4b28526a:unindexed:e8989e093b65ed17,1773140000,,2026-08-10T16:38:54+00:00,unknown,confirmed,true,v1/accounts/.../transactions/trc20:tron:7dab7a2d97a418d6d1ac6536ba51faeeca42a86c470a920e380a897d4b28526a:unindexed:e8989e093b65ed17,2026-08-10T13:59:54+00:00,2026-08-10T16:59:54+00:00,partial
tron,TNtTcstZdy5vppwDMQuR9gy6n5rT4o7ptq,outgoing,TNzKVvGJG82mgSLEo6iF8sP2xJn1M1K6K5,TR7NHqjeKQxGTCi8q8ZY4pL8otSzgjLj6t,92a0103d313a45afb871602b8343a00dc3ae1dbec8cf2fb0ea6da3751e79e1fa,,tron:92a0103d313a45afb871602b8343a00dc3ae1dbec8cf2fb0ea6da3751e79e1fa:unindexed:7ab524544593d1c3,175510000,,2026-08-10T16:38:54+00:00,unknown,confirmed,true,v1/accounts/.../transactions/trc20:tron:92a0103d313a45afb871602b8343a00dc3ae1dbec8cf2fb0ea6da3751e79e1fa:unindexed:7ab524544593d1c3,2026-08-10T13:59:54+00:00,2026-08-10T16:59:54+00:00,partial
tron,TNtTcstZdy5vppwDMQuR9gy6n5rT4o7ptq,outgoing,TDVzWg28kQp4tMjrP8An55NzTfiRpkXgsz,TR7NHqjeKQxGTCi8q8ZY4pL8otSzgjLj6t,b3e43395cc532d6137ef341f4765b6f69e393ad4c53124537b3eb8bef4469065,,tron:b3e43395cc532d6137ef341f4765b6f69e393ad4c53124537b3eb8bef4469065:unindexed:cee41a3b554aeee4,226340000,,2026-08-10T16:39:18+00:00,unknown,confirmed,true,v1/accounts/.../transactions/trc20:tron:b3e43395cc532d6137ef341f4765b6f69e393ad4c53124537b3eb8bef4469065:unindexed:cee41a3b554aeee4,2026-08-10T13:59:54+00:00,2026-08-10T16:59:54+00:00,partial
tron,TNtTcstZdy5vppwDMQuR9gy6n5rT4o7ptq,outgoing,TFnRdoHk54JrZLgu4QNrnjgQNK5DNXiSJY,TR7NHqjeKQxGTCi8q8ZY4pL8otSzgjLj6t,cd4bc20e65883f61e12c3dc6f302d6a0cbe0e544a9bb492af423d696408437bf,,tron:cd4bc20e65883f61e12c3dc6f302d6a0cbe0e544a9bb492af423d696408437bf:unindexed:0cb426372c26de18,60000000,,2026-08-10T16:39:51+00:00,unknown,confirmed,true,v1/accounts/.../transactions/trc20:tron:cd4bc20e65883f61e12c3dc6f302d6a0cbe0e544a9bb492af423d696408437bf:unindexed:0cb426372c26de18,2026-08-10T13:59:54+00:00,2026-08-10T16:59:54+00:00,partial
tron,TNtTcstZdy5vppwDMQuR9gy6n5rT4o7ptq,outgoing,TKcFwfc5qrQheBCP4qXcQ9fCaUzPNy3gcD,TR7NHqjeKQxGTCi8q8ZY4pL8otSzgjLj6t,b4db308f244e05d30b07676d50705ed72e6b10497202de2afd541c0b312cb996,,tron:b4db308f244e05d30b07676d50705ed72e6b10497202de2afd541c0b312cb996:unindexed:4d4bdd883c3cd7c1,146000000,,2026-08-10T16:40:24+00:00,unknown,confirmed,true,v1/accounts/.../transactions/trc20:tron:b4db308f244e05d30b07676d50705ed72e6b10497202de2afd541c0b312cb996:unindexed:4d4bdd883c3cd7c1,2026-08-10T13:59:54+00:00,2026-08-10T16:59:54+00:00,partial
tron,TNtTcstZdy5vppwDMQuR9gy6n5rT4o7ptq,outgoing,TNPjT3YtMNfHeXzNnbMDaPUaBNGndCNz1C,TR7NHqjeKQxGTCi8q8ZY4pL8otSzgjLj6t,2cf43b1a11ee7b7861a54cc79ab7152d7d6e845b907d7a4d3a8b065cc82a7b06,,tron:2cf43b1a11ee7b7861a54cc79ab7152d7d6e845b907d7a4d3a8b065cc82a7b06:unindexed:1922110e22e244d5,145000000,,2026-08-10T16:40:48+00:00,unknown,confirmed,true,v1/accounts/.../transactions/trc20:tron:2cf43b1a11ee7b7861a54cc79ab7152d7d6e845b907d7a4d3a8b065cc82a7b06:unindexed:1922110e22e244d5,2026-08-10T13:59:54+00:00,2026-08-10T16:59:54+00:00,partial
tron,TNtTcstZdy5vppwDMQuR9gy6n5rT4o7ptq,outgoing,TPJhKyd8NPwXiQZRHP7e9nVS6S8PH3bY9F,TR7NHqjeKQxGTCi8q8ZY4pL8otSzgjLj6t,358112c96332e22a9da02cd5400c137839670ad4d305c376e207261b7057543f,,tron:358112c96332e22a9da02cd5400c137839670ad4d305c376e207261b7057543f:unindexed:5f9b2193693a48b3,2300000000,,2026-08-10T16:40:48+00:00,unknown,confirmed,true,v1/accounts/.../transactions/trc20:tron:358112c96332e22a9da02cd5400c137839670ad4d305c376e207261b7057543f:unindexed:5f9b2193693a48b3,2026-08-10T13:59:54+00:00,2026-08-10T16:59:54+00:00,partial
tron,TNtTcstZdy5vppwDMQuR9gy6n5rT4o7ptq,outgoing,TS2ukNsMTw5J4e2H6TNRaekJbrozvLWoWo,TR7NHqjeKQxGTCi8q8ZY4pL8otSzgjLj6t,9d0fec8f3fe49a19842639974c492741f0812edabdb6b236a6064945825f6f7f,,tron:9d0fec8f3fe49a19842639974c492741f0812edabdb6b236a6064945825f6f7f:unindexed:4840069baf475cf4,2500000000,,2026-08-10T16:40:48+00:00,unknown,confirmed,true,v1/accounts/.../transactions/trc20:tron:9d0fec8f3fe49a19842639974c492741f0812edabdb6b236a6064945825f6f7f:unindexed:4840069baf475cf4,2026-08-10T13:59:54+00:00,2026-08-10T16:59:54+00:00,partial
tron,TNtTcstZdy5vppwDMQuR9gy6n5rT4o7ptq,outgoing,TXbb9zz83kD4oPdsRZLnnF4xj9sHc4mrNK,TR7NHqjeKQxGTCi8q8ZY4pL8otSzgjLj6t,ead9748bd325e1ac315709f13b1ca24c2a4209ebeeb215bde4e3461d9c62969a,,tron:ead9748bd325e1ac315709f13b1ca24c2a4209ebeeb215bde4e3461d9c62969a:unindexed:0de6760eb5ff9486,3000000000,,2026-08-10T16:40:48+00:00,unknown,confirmed,true,v1/accounts/.../transactions/trc20:tron:ead9748bd325e1ac315709f13b1ca24c2a4209ebeeb215bde4e3461d9c62969a:unindexed:0de6760eb5ff9486,2026-08-10T13:59:54+00:00,2026-08-10T16:59:54+00:00,partial
tron,TNtTcstZdy5vppwDMQuR9gy6n5rT4o7ptq,outgoing,TXbb9zz83kD4oPdsRZLnnF4xj9sHc4mrNK,TR7NHqjeKQxGTCi8q8ZY4pL8otSzgjLj6t,fa9e6da8198ec7be3a088db8bfce90673680d5bfc1982eff6c74945bec44cde2,,tron:fa9e6da8198ec7be3a088db8bfce90673680d5bfc1982eff6c74945bec44cde2:unindexed:0de6760eb5ff9486,3000000000,,2026-08-10T16:40:48+00:00,unknown,confirmed,true,v1/accounts/.../transactions/trc20:tron:fa9e6da8198ec7be3a088db8bfce90673680d5bfc1982eff6c74945bec44cde2:unindexed:0de6760eb5ff9486,2026-08-10T13:59:54+00:00,2026-08-10T16:59:54+00:00,partial
tron,TNtTcstZdy5vppwDMQuR9gy6n5rT4o7ptq,outgoing,TMS7YidVnbFtj7rhTXKh74Hf5jefvcx1F1,TR7NHqjeKQxGTCi8q8ZY4pL8otSzgjLj6t,1d71d6945c540099d9f2546e9140a61b747e6e53b625352fb69214fa7e336bc1,,tron:1d71d6945c540099d9f2546e9140a61b747e6e53b625352fb69214fa7e336bc1:unindexed:a6394f9d5d7f1cef,516000000,,2026-08-10T16:41:33+00:00,unknown,confirmed,true,v1/accounts/.../transactions/trc20:tron:1d71d6945c540099d9f2546e9140a61b747e6e53b625352fb69214fa7e336bc1:unindexed:a6394f9d5d7f1cef,2026-08-10T13:59:54+00:00,2026-08-10T16:59:54+00:00,partial
tron,TNtTcstZdy5vppwDMQuR9gy6n5rT4o7ptq,outgoing,TSsKvXi8uc4zp4Anye8f2phucrMaxjLM9n,TR7NHqjeKQxGTCi8q8ZY4pL8otSzgjLj6t,2e9655ce135f7cdd93f500f10d9c229351b7b9f7627603d8e816efb45ddd1eb7,,tron:2e9655ce135f7cdd93f500f10d9c229351b7b9f7627603d8e816efb45ddd1eb7:unindexed:d355d0c42cb060c8,104100000,,2026-08-10T16:42:03+00:00,unknown,confirmed,true,v1/accounts/.../transactions/trc20:tron:2e9655ce135f7cdd93f500f10d9c229351b7b9f7627603d8e816efb45ddd1eb7:unindexed:d355d0c42cb060c8,2026-08-10T13:59:54+00:00,2026-08-10T16:59:54+00:00,partial
tron,TNtTcstZdy5vppwDMQuR9gy6n5rT4o7ptq,outgoing,TKDdzgnJyADaUL7inRzXKpgfp1T2k51ApV,TR7NHqjeKQxGTCi8q8ZY4pL8otSzgjLj6t,26acb1b80565fc2ba95ee736e46999f36c029d56e351393b76bb168cb47b75e4,,tron:26acb1b80565fc2ba95ee736e46999f36c029d56e351393b76bb168cb47b75e4:unindexed:9eaaf063d0df0f23,331000000,,2026-08-10T16:42:27+00:00,unknown,confirmed,true,v1/accounts/.../transactions/trc20:tron:26acb1b80565fc2ba95ee736e46999f36c029d56e351393b76bb168cb47b75e4:unindexed:9eaaf063d0df0f23,2026-08-10T13:59:54+00:00,2026-08-10T16:59:54+00:00,partial
tron,TNtTcstZdy5vppwDMQuR9gy6n5rT4o7ptq,outgoing,TWADTc7HKG5XxA1AHANFGeHhvdnM4SoBQ4,TR7NHqjeKQxGTCi8q8ZY4pL8otSzgjLj6t,caa60b62cbd170a7072992da11882cff2c482acb33277c661279c4640aba3413,,tron:caa60b62cbd170a7072992da11882cff2c482acb33277c661279c4640aba3413:unindexed:dfe6276105e262f2,101000000,,2026-08-10T16:42:27+00:00,unknown,confirmed,true,v1/accounts/.../transactions/trc20:tron:caa60b62cbd170a7072992da11882cff2c482acb33277c661279c4640aba3413:unindexed:dfe6276105e262f2,2026-08-10T13:59:54+00:00,2026-08-10T16:59:54+00:00,partial
tron,TNtTcstZdy5vppwDMQuR9gy6n5rT4o7ptq,outgoing,TRDxLuTGuKJHPcD15Vu3bKMZkyZKYBjF9N,TR7NHqjeKQxGTCi8q8ZY4pL8otSzgjLj6t,4cf198422586b05d0382da6ebd73039c22d0368edeb036ddabe54c99d3488c5e,,tron:4cf198422586b05d0382da6ebd73039c22d0368edeb036ddabe54c99d3488c5e:unindexed:aa4c5736f2724f05,768710000,,2026-08-10T16:43:24+00:00,unknown,confirmed,true,v1/accounts/.../transactions/trc20:tron:4cf198422586b05d0382da6ebd73039c22d0368edeb036ddabe54c99d3488c5e:unindexed:aa4c5736f2724f05,2026-08-10T13:59:54+00:00,2026-08-10T16:59:54+00:00,partial
tron,TNtTcstZdy5vppwDMQuR9gy6n5rT4o7ptq,outgoing,THapHWKPNYrzhyqKwuhS2eGc5xRpSNsE1e,TR7NHqjeKQxGTCi8q8ZY4pL8otSzgjLj6t,86e85a23c050084b79bcba75b7b983f191d43cbe86e94476b3fe2c1762761cbb,,tron:86e85a23c050084b79bcba75b7b983f191d43cbe86e94476b3fe2c1762761cbb:unindexed:cf4f9b92f22eb295,43000000,,2026-08-10T16:43:45+00:00,unknown,confirmed,true,v1/accounts/.../transactions/trc20:tron:86e85a23c050084b79bcba75b7b983f191d43cbe86e94476b3fe2c1762761cbb:unindexed:cf4f9b92f22eb295,2026-08-10T13:59:54+00:00,2026-08-10T16:59:54+00:00,partial
tron,TNtTcstZdy5vppwDMQuR9gy6n5rT4o7ptq,outgoing,TUUXe2EnaSjZPJyX1F1u94X9zwJX4jz4YT,TR7NHqjeKQxGTCi8q8ZY4pL8otSzgjLj6t,0fc852084b4d9fe03411e60f825d5a98d4d0d09bf9a3d28d384e47c2fc56cd8b,,tron:0fc852084b4d9fe03411e60f825d5a98d4d0d09bf9a3d28d384e47c2fc56cd8b:unindexed:ef539a1e1ed1d044,10000000000,,2026-08-10T16:43:48+00:00,unknown,confirmed,true,v1/accounts/.../transactions/trc20:tron:0fc852084b4d9fe03411e60f825d5a98d4d0d09bf9a3d28d384e47c2fc56cd8b:unindexed:ef539a1e1ed1d044,2026-08-10T13:59:54+00:00,2026-08-10T16:59:54+00:00,partial
tron,TNtTcstZdy5vppwDMQuR9gy6n5rT4o7ptq,outgoing,TXAghvjyRDCzFHgMdcSvF4GDm8H2c8jh4t,TR7NHqjeKQxGTCi8q8ZY4pL8otSzgjLj6t,27cb7a40c4d28a4f69fb97547d568618bb3af0efe237c3f36266d0ce8b9a6492,,tron:27cb7a40c4d28a4f69fb97547d568618bb3af0efe237c3f36266d0ce8b9a6492:unindexed:704d0f93ba56c164,295000000,,2026-08-10T16:43:48+00:00,unknown,confirmed,true,v1/accounts/.../transactions/trc20:tron:27cb7a40c4d28a4f69fb97547d568618bb3af0efe237c3f36266d0ce8b9a6492:unindexed:704d0f93ba56c164,2026-08-10T13:59:54+00:00,2026-08-10T16:59:54+00:00,partial
tron,TNtTcstZdy5vppwDMQuR9gy6n5rT4o7ptq,outgoing,TFiAbMJLcgbMcx2ykQ5rPjXKZaFiBdXK6x,TR7NHqjeKQxGTCi8q8ZY4pL8otSzgjLj6t,9aba6f0e188d9be01c4c066b34e354ac70c8d2576775f8d69c40613ade9c5c74,,tron:9aba6f0e188d9be01c4c066b34e354ac70c8d2576775f8d69c40613ade9c5c74:unindexed:70ff48b626a13310,1471260000,,2026-08-10T16:44:42+00:00,unknown,confirmed,true,v1/accounts/.../transactions/trc20:tron:9aba6f0e188d9be01c4c066b34e354ac70c8d2576775f8d69c40613ade9c5c74:unindexed:70ff48b626a13310,2026-08-10T13:59:54+00:00,2026-08-10T16:59:54+00:00,partial
tron,TNtTcstZdy5vppwDMQuR9gy6n5rT4o7ptq,outgoing,TGzgbYpNveyaV714oPRootKCahm2kAdFdx,TR7NHqjeKQxGTCi8q8ZY4pL8otSzgjLj6t,7e5b30395f7bc91cb5c29068285fc5fbf8d497853729f18b7c78ff151c891a03,,tron:7e5b30395f7bc91cb5c29068285fc5fbf8d497853729f18b7c78ff151c891a03:unindexed:7fe0d63c0bbb0c37,71960000,,2026-08-10T16:45:06+00:00,unknown,confirmed,true,v1/accounts/.../transactions/trc20:tron:7e5b30395f7bc91cb5c29068285fc5fbf8d497853729f18b7c78ff151c891a03:unindexed:7fe0d63c0bbb0c37,2026-08-10T13:59:54+00:00,2026-08-10T16:59:54+00:00,partial
tron,TNtTcstZdy5vppwDMQuR9gy6n5rT4o7ptq,outgoing,THuXAVkvjKpbfWWxTtHnNtUeZYfafqTjju,TR7NHqjeKQxGTCi8q8ZY4pL8otSzgjLj6t,caac098528412419aa2d4718d3f0f745816f0e4b220a9ec1f1815b133ae6e371,,tron:caac098528412419aa2d4718d3f0f745816f0e4b220a9ec1f1815b133ae6e371:unindexed:f5fca84e2be989e4,640610000,,2026-08-10T16:45:06+00:00,unknown,confirmed,true,v1/accounts/.../transactions/trc20:tron:caac098528412419aa2d4718d3f0f745816f0e4b220a9ec1f1815b133ae6e371:unindexed:f5fca84e2be989e4,2026-08-10T13:59:54+00:00,2026-08-10T16:59:54+00:00,partial
tron,TNtTcstZdy5vppwDMQuR9gy6n5rT4o7ptq,outgoing,TPxTDcSmTi2qr4rTbEKG2wEYUVMxbjVH3U,TR7NHqjeKQxGTCi8q8ZY4pL8otSzgjLj6t,23eb096257b898fe5837598e7407f5af281901e8689d1aefee87e55592266edb,,tron:23eb096257b898fe5837598e7407f5af281901e8689d1aefee87e55592266edb:unindexed:4aedeef2b667fce8,145000000,,2026-08-10T16:45:27+00:00,unknown,confirmed,true,v1/accounts/.../transactions/trc20:tron:23eb096257b898fe5837598e7407f5af281901e8689d1aefee87e55592266edb:unindexed:4aedeef2b667fce8,2026-08-10T13:59:54+00:00,2026-08-10T16:59:54+00:00,complete_within_scope
tron,TNtTcstZdy5vppwDMQuR9gy6n5rT4o7ptq,outgoing,TFdrFz8RrDmqi1DprSAoV8vZiQzfCb4YrV,TR7NHqjeKQxGTCi8q8ZY4pL8otSzgjLj6t,760303e1f205a0413affa10f576c460a401d6eb9f1178b0e413f53b52ab5685e,,tron:760303e1f205a0413affa10f576c460a401d6eb9f1178b0e413f53b52ab5685e:unindexed:17032b81ff78278c,205870000,,2026-08-10T16:46:00+00:00,unknown,confirmed,true,v1/accounts/.../transactions/trc20:tron:760303e1f205a0413affa10f576c460a401d6eb9f1178b0e413f53b52ab5685e:unindexed:17032b81ff78278c,2026-08-10T13:59:54+00:00,2026-08-10T16:59:54+00:00,complete_within_scope
tron,TNtTcstZdy5vppwDMQuR9gy6n5rT4o7ptq,outgoing,TB9a7yBd9d9LHn6S713BBbqPBoBSD71Jbg,TR7NHqjeKQxGTCi8q8ZY4pL8otSzgjLj6t,c925ec674ae8084f4575dba5973f48946b143606bb0540ef25888eeb7e1c79e4,,tron:c925ec674ae8084f4575dba5973f48946b143606bb0540ef25888eeb7e1c79e4:unindexed:005757eca9294bdf,337240000,,2026-08-10T16:46:00+00:00,unknown,confirmed,true,v1/accounts/.../transactions/trc20:tron:c925ec674ae8084f4575dba5973f48946b143606bb0540ef25888eeb7e1c79e4:unindexed:005757eca9294bdf,2026-08-10T13:59:54+00:00,2026-08-10T16:59:54+00:00,complete_within_scope
tron,TNtTcstZdy5vppwDMQuR9gy6n5rT4o7ptq,outgoing,TKKW5wxWfTdeXATLvD2p42aRTA4bsFuAqH,TR7NHqjeKQxGTCi8q8ZY4pL8otSzgjLj6t,57c996c7a80f703842043eecf9e2eb247d9650d7e4f4258c4bccc1f985ce9792,,tron:57c996c7a80f703842043eecf9e2eb247d9650d7e4f4258c4bccc1f985ce9792:unindexed:74e69d0a45dd1e29,309260000,,2026-08-10T16:46:33+00:00,unknown,confirmed,true,v1/accounts/.../transactions/trc20:tron:57c996c7a80f703842043eecf9e2eb247d9650d7e4f4258c4bccc1f985ce9792:unindexed:74e69d0a45dd1e29,2026-08-10T13:59:54+00:00,2026-08-10T16:59:54+00:00,complete_within_scope
tron,TNtTcstZdy5vppwDMQuR9gy6n5rT4o7ptq,outgoing,TQgvdyKPuoFNDFzB8sFUFVBL9Qvo8N5rv7,TR7NHqjeKQxGTCi8q8ZY4pL8otSzgjLj6t,7898e92c61cfdd27105f760f8e00092442de1e41e41b801c759ebfc288da56c3,,tron:7898e92c61cfdd27105f760f8e00092442de1e41e41b801c759ebfc288da56c3:unindexed:c4035ac2662cf609,1250350000,,2026-08-10T16:47:06+00:00,unknown,confirmed,true,v1/accounts/.../transactions/trc20:tron:7898e92c61cfdd27105f760f8e00092442de1e41e41b801c759ebfc288da56c3:unindexed:c4035ac2662cf609,2026-08-10T13:59:54+00:00,2026-08-10T16:59:54+00:00,complete_within_scope
tron,TNtTcstZdy5vppwDMQuR9gy6n5rT4o7ptq,outgoing,TAgoNqwtRBAL6w8yRHmwRRaPm5HrjdCBzd,TR7NHqjeKQxGTCi8q8ZY4pL8otSzgjLj6t,bf4271f237a1721b0c84949d38f102b8e37cab4f4e644257ff739217086cd20d,,tron:bf4271f237a1721b0c84949d38f102b8e37cab4f4e644257ff739217086cd20d:unindexed:8c3ec60da6f2ef4f,77190000,,2026-08-10T16:47:06+00:00,unknown,confirmed,true,v1/accounts/.../transactions/trc20:tron:bf4271f237a1721b0c84949d38f102b8e37cab4f4e644257ff739217086cd20d:unindexed:8c3ec60da6f2ef4f,2026-08-10T13:59:54+00:00,2026-08-10T16:59:54+00:00,complete_within_scope
tron,TNtTcstZdy5vppwDMQuR9gy6n5rT4o7ptq,outgoing,TXTyRrb3Gfiv3qjn9we7jNhv4D16DT6ftL,TR7NHqjeKQxGTCi8q8ZY4pL8otSzgjLj6t,f878126441da3bdae12645d8ee2ea0d1aac294183063019379a208e880847e60,,tron:f878126441da3bdae12645d8ee2ea0d1aac294183063019379a208e880847e60:unindexed:2239b59a5c9bcff7,1323980000,,2026-08-10T16:47:06+00:00,unknown,confirmed,true,v1/accounts/.../transactions/trc20:tron:f878126441da3bdae12645d8ee2ea0d1aac294183063019379a208e880847e60:unindexed:2239b59a5c9bcff7,2026-08-10T13:59:54+00:00,2026-08-10T16:59:54+00:00,complete_within_scope
tron,TNtTcstZdy5vppwDMQuR9gy6n5rT4o7ptq,outgoing,TBw2dFt3sAJXJR2H3g8xF62EQPwTYXVuG3,TR7NHqjeKQxGTCi8q8ZY4pL8otSzgjLj6t,47273a0aea2a2524fa91d6fd45ad683f2508ee552f615ad758d5254ba313b677,,tron:47273a0aea2a2524fa91d6fd45ad683f2508ee552f615ad758d5254ba313b677:unindexed:71da0bae368025bb,156000000,,2026-08-10T16:47:27+00:00,unknown,confirmed,true,v1/accounts/.../transactions/trc20:tron:47273a0aea2a2524fa91d6fd45ad683f2508ee552f615ad758d5254ba313b677:unindexed:71da0bae368025bb,2026-08-10T13:59:54+00:00,2026-08-10T16:59:54+00:00,complete_within_scope
tron,TNtTcstZdy5vppwDMQuR9gy6n5rT4o7ptq,outgoing,TGMp6D8HBt57nD6GBw8PP8ZpXvPKLqvQxM,TR7NHqjeKQxGTCi8q8ZY4pL8otSzgjLj6t,03c6cd177b81272bb842baab4dbb557c990ac54a9a9d2df614622653c9018a93,,tron:03c6cd177b81272bb842baab4dbb557c990ac54a9a9d2df614622653c9018a93:unindexed:facf7a5ef885139d,521480000,,2026-08-10T16:50:12+00:00,unknown,confirmed,true,v1/accounts/.../transactions/trc20:tron:03c6cd177b81272bb842baab4dbb557c990ac54a9a9d2df614622653c9018a93:unindexed:facf7a5ef885139d,2026-08-10T13:59:54+00:00,2026-08-10T16:59:54+00:00,complete_within_scope
tron,TNtTcstZdy5vppwDMQuR9gy6n5rT4o7ptq,outgoing,TKfYzeVAJsT4A7vRzjadsxDz3w6eXxZijL,TR7NHqjeKQxGTCi8q8ZY4pL8otSzgjLj6t,acacfe0a8bb23a58b252fe0b69dc8eaa194e16684a62c94a86a5c4aad10d5bb2,,tron:acacfe0a8bb23a58b252fe0b69dc8eaa194e16684a62c94a86a5c4aad10d5bb2:unindexed:7c3897016a89896f,2493610000,,2026-08-10T16:50:12+00:00,unknown,confirmed,true,v1/accounts/.../transactions/trc20:tron:acacfe0a8bb23a58b252fe0b69dc8eaa194e16684a62c94a86a5c4aad10d5bb2:unindexed:7c3897016a89896f,2026-08-10T13:59:54+00:00,2026-08-10T16:59:54+00:00,complete_within_scope
tron,TNtTcstZdy5vppwDMQuR9gy6n5rT4o7ptq,outgoing,TWdtHArpKjsv26bN4i25d4fspMmmF6TS3e,TR7NHqjeKQxGTCi8q8ZY4pL8otSzgjLj6t,e34ab073d0bda23aa7153294ed154b6a186d4cdca83fe3f050e167921792505d,,tron:e34ab073d0bda23aa7153294ed154b6a186d4cdca83fe3f050e167921792505d:unindexed:db90039d884ac942,444440000,,2026-08-10T16:50:12+00:00,unknown,confirmed,true,v1/accounts/.../transactions/trc20:tron:e34ab073d0bda23aa7153294ed154b6a186d4cdca83fe3f050e167921792505d:unindexed:db90039d884ac942,2026-08-10T13:59:54+00:00,2026-08-10T16:59:54+00:00,complete_within_scope
tron,TNtTcstZdy5vppwDMQuR9gy6n5rT4o7ptq,outgoing,TYqVxYxAffFSefxZRGhNK4BPHUZLBYPGaJ,TR7NHqjeKQxGTCi8q8ZY4pL8otSzgjLj6t,75424a7bf15a9abacc9d476f60c3c7f226cc1f1cdec9165267d711b4867588be,,tron:75424a7bf15a9abacc9d476f60c3c7f226cc1f1cdec9165267d711b4867588be:unindexed:318b563171bda94f,1995560000,,2026-08-10T16:50:45+00:00,unknown,confirmed,true,v1/accounts/.../transactions/trc20:tron:75424a7bf15a9abacc9d476f60c3c7f226cc1f1cdec9165267d711b4867588be:unindexed:318b563171bda94f,2026-08-10T13:59:54+00:00,2026-08-10T16:59:54+00:00,complete_within_scope
tron,TNtTcstZdy5vppwDMQuR9gy6n5rT4o7ptq,outgoing,TS8WiZpwGuXjNrxS6VDD2DL555gvtDCrEk,TR7NHqjeKQxGTCi8q8ZY4pL8otSzgjLj6t,a019402a7d52a5d32a69467b620d922c622102e2d097ec86e564348ab11f1359,,tron:a019402a7d52a5d32a69467b620d922c622102e2d097ec86e564348ab11f1359:unindexed:8c992bb01de3993e,250000000000,,2026-08-10T16:50:45+00:00,unknown,confirmed,true,v1/accounts/.../transactions/trc20:tron:a019402a7d52a5d32a69467b620d922c622102e2d097ec86e564348ab11f1359:unindexed:8c992bb01de3993e,2026-08-10T13:59:54+00:00,2026-08-10T16:59:54+00:00,complete_within_scope
tron,TNtTcstZdy5vppwDMQuR9gy6n5rT4o7ptq,outgoing,TKdVzK5SCPq7gtxRbk1oG8u3DhGTWf2jqh,TR7NHqjeKQxGTCi8q8ZY4pL8otSzgjLj6t,cafac920291b4840745c4ebfd19cff291ae198ec911415723460f56a95568280,,tron:cafac920291b4840745c4ebfd19cff291ae198ec911415723460f56a95568280:unindexed:6e92b0baee824dc7,118520000,,2026-08-10T16:50:45+00:00,unknown,confirmed,true,v1/accounts/.../transactions/trc20:tron:cafac920291b4840745c4ebfd19cff291ae198ec911415723460f56a95568280:unindexed:6e92b0baee824dc7,2026-08-10T13:59:54+00:00,2026-08-10T16:59:54+00:00,complete_within_scope
tron,TNtTcstZdy5vppwDMQuR9gy6n5rT4o7ptq,outgoing,TNx9JxZTahmaqcAPXfi298DtSKNPDbGURj,TR7NHqjeKQxGTCi8q8ZY4pL8otSzgjLj6t,e44c1301bbeb336332a356d1fccded3aa503b8454fd3dd6343c554feb325e159,,tron:e44c1301bbeb336332a356d1fccded3aa503b8454fd3dd6343c554feb325e159:unindexed:f6c16e0f2556ce6a,962960000,,2026-08-10T16:50:45+00:00,unknown,confirmed,true,v1/accounts/.../transactions/trc20:tron:e44c1301bbeb336332a356d1fccded3aa503b8454fd3dd6343c554feb325e159:unindexed:f6c16e0f2556ce6a,2026-08-10T13:59:54+00:00,2026-08-10T16:59:54+00:00,complete_within_scope
tron,TNtTcstZdy5vppwDMQuR9gy6n5rT4o7ptq,outgoing,TGWtKY85BusTEjpAcPDcjehdHCXgimC3sV,TR7NHqjeKQxGTCi8q8ZY4pL8otSzgjLj6t,b4fbd476f961b89129c558efae8d09de46f158123cd172f2701befdf20b866e1,,tron:b4fbd476f961b89129c558efae8d09de46f158123cd172f2701befdf20b866e1:unindexed:d963a27bf9dd3314,518520000,,2026-08-10T16:51:27+00:00,unknown,confirmed,true,v1/accounts/.../transactions/trc20:tron:b4fbd476f961b89129c558efae8d09de46f158123cd172f2701befdf20b866e1:unindexed:d963a27bf9dd3314,2026-08-10T13:59:54+00:00,2026-08-10T16:59:54+00:00,complete_within_scope
tron,TNtTcstZdy5vppwDMQuR9gy6n5rT4o7ptq,outgoing,TRxNtQQ8v2pnGkPsPGLYtZmQtkPb2B9xVK,TR7NHqjeKQxGTCi8q8ZY4pL8otSzgjLj6t,df5befe14d0cb958b942645a6b949b2c7be11e140320b6df9c4cd6aab5585db0,,tron:df5befe14d0cb958b942645a6b949b2c7be11e140320b6df9c4cd6aab5585db0:unindexed:93a8d58cade94e9f,1781190000,,2026-08-10T16:51:27+00:00,unknown,confirmed,true,v1/accounts/.../transactions/trc20:tron:df5befe14d0cb958b942645a6b949b2c7be11e140320b6df9c4cd6aab5585db0:unindexed:93a8d58cade94e9f,2026-08-10T13:59:54+00:00,2026-08-10T16:59:54+00:00,complete_within_scope
tron,TNtTcstZdy5vppwDMQuR9gy6n5rT4o7ptq,outgoing,TU5Fpizc9Qqx9DZVxy78kE33AzMnHFWPon,TR7NHqjeKQxGTCi8q8ZY4pL8otSzgjLj6t,3b853e306f30061b8ad6865dc41b71c31816aa2e03ed226755e0ccd08fe4b984,,tron:3b853e306f30061b8ad6865dc41b71c31816aa2e03ed226755e0ccd08fe4b984:unindexed:e3c37290c2153394,28000000,,2026-08-10T16:52:00+00:00,unknown,confirmed,true,v1/accounts/.../transactions/trc20:tron:3b853e306f30061b8ad6865dc41b71c31816aa2e03ed226755e0ccd08fe4b984:unindexed:e3c37290c2153394,2026-08-10T13:59:54+00:00,2026-08-10T16:59:54+00:00,complete_within_scope
tron,TNtTcstZdy5vppwDMQuR9gy6n5rT4o7ptq,outgoing,TCTHkR97PmAeqXBcjZWVS2xkGHmcCfs6xh,TR7NHqjeKQxGTCi8q8ZY4pL8otSzgjLj6t,90b7767e6d15f63caa4d7d38378128b010e17a44d405baa0278edaaee93ee961,,tron:90b7767e6d15f63caa4d7d38378128b010e17a44d405baa0278edaaee93ee961:unindexed:1646b185109e4283,27960000,,2026-08-10T16:52:00+00:00,unknown,confirmed,true,v1/accounts/.../transactions/trc20:tron:90b7767e6d15f63caa4d7d38378128b010e17a44d405baa0278edaaee93ee961:unindexed:1646b185109e4283,2026-08-10T13:59:54+00:00,2026-08-10T16:59:54+00:00,complete_within_scope
tron,TNtTcstZdy5vppwDMQuR9gy6n5rT4o7ptq,outgoing,TJJfaQS5oyWdKp7Z9THUkPSHwuJsqK46A5,TR7NHqjeKQxGTCi8q8ZY4pL8otSzgjLj6t,7253ff7f52e39673f7d6382ed64d5665519d77e42d8b1e18179ac16504399397,,tron:7253ff7f52e39673f7d6382ed64d5665519d77e42d8b1e18179ac16504399397:unindexed:7228a9052c2f2e6a,145780000,,2026-08-10T16:52:33+00:00,unknown,confirmed,true,v1/accounts/.../transactions/trc20:tron:7253ff7f52e39673f7d6382ed64d5665519d77e42d8b1e18179ac16504399397:unindexed:7228a9052c2f2e6a,2026-08-10T13:59:54+00:00,2026-08-10T16:59:54+00:00,complete_within_scope
tron,TNtTcstZdy5vppwDMQuR9gy6n5rT4o7ptq,outgoing,TCuz1tfpe4HYpArXxYd8QrTzsghaZg4hPH,TR7NHqjeKQxGTCi8q8ZY4pL8otSzgjLj6t,8c0bfbc57fe5ac88bfeddee5805074b85b166b109623919d7022786deb3ccfe4,,tron:8c0bfbc57fe5ac88bfeddee5805074b85b166b109623919d7022786deb3ccfe4:unindexed:96d106844526110c,5419669000,,2026-08-10T16:52:33+00:00,unknown,confirmed,true,v1/accounts/.../transactions/trc20:tron:8c0bfbc57fe5ac88bfeddee5805074b85b166b109623919d7022786deb3ccfe4:unindexed:96d106844526110c,2026-08-10T13:59:54+00:00,2026-08-10T16:59:54+00:00,complete_within_scope
tron,TNtTcstZdy5vppwDMQuR9gy6n5rT4o7ptq,outgoing,TRrZqi7MCPyLQdTKrb6boCmNqQhmmJ6jdi,TR7NHqjeKQxGTCi8q8ZY4pL8otSzgjLj6t,0366fb67bcb1238c39bfab2b3d49f5796af791e047068735d16b1633878d8c72,,tron:0366fb67bcb1238c39bfab2b3d49f5796af791e047068735d16b1633878d8c72:unindexed:072b02a8a16716da,381420000,,2026-08-10T16:53:06+00:00,unknown,confirmed,true,v1/accounts/.../transactions/trc20:tron:0366fb67bcb1238c39bfab2b3d49f5796af791e047068735d16b1633878d8c72:unindexed:072b02a8a16716da,2026-08-10T13:59:54+00:00,2026-08-10T16:59:54+00:00,complete_within_scope
tron,TNtTcstZdy5vppwDMQuR9gy6n5rT4o7ptq,outgoing,TMmH1BBVuimQE5YMHdnZQbPGJjUz5riKWv,TR7NHqjeKQxGTCi8q8ZY4pL8otSzgjLj6t,a32e3937d0275b3b02587b60bb8dc05c2dbee7408a202444c0ddbfa356c34cb3,,tron:a32e3937d0275b3b02587b60bb8dc05c2dbee7408a202444c0ddbfa356c34cb3:unindexed:ae1a5adaed1ac571,28110000,,2026-08-10T16:53:06+00:00,unknown,confirmed,true,v1/accounts/.../transactions/trc20:tron:a32e3937d0275b3b02587b60bb8dc05c2dbee7408a202444c0ddbfa356c34cb3:unindexed:ae1a5adaed1ac571,2026-08-10T13:59:54+00:00,2026-08-10T16:59:54+00:00,complete_within_scope
tron,TNtTcstZdy5vppwDMQuR9gy6n5rT4o7ptq,outgoing,TSkCPeAYpJjKd9sKrnRev3LdytyLKh551g,TR7NHqjeKQxGTCi8q8ZY4pL8otSzgjLj6t,b250ddd1b4c15992a9bf6f5e9c47c5fdbb8de22413835f6472f39f11be5868d3,,tron:b250ddd1b4c15992a9bf6f5e9c47c5fdbb8de22413835f6472f39f11be5868d3:unindexed:3409adaf50787dab,366690000,,2026-08-10T16:53:06+00:00,unknown,confirmed,true,v1/accounts/.../transactions/trc20:tron:b250ddd1b4c15992a9bf6f5e9c47c5fdbb8de22413835f6472f39f11be5868d3:unindexed:3409adaf50787dab,2026-08-10T13:59:54+00:00,2026-08-10T16:59:54+00:00,complete_within_scope
tron,TNtTcstZdy5vppwDMQuR9gy6n5rT4o7ptq,outgoing,TEvwACjDuPHAXdqqB34f9KeDA7oKSLjHfb,TR7NHqjeKQxGTCi8q8ZY4pL8otSzgjLj6t,1f4d0bd9972a0cdc644e98de65fc082005fab2cb3f9366dbafb2e2083025892f,,tron:1f4d0bd9972a0cdc644e98de65fc082005fab2cb3f9366dbafb2e2083025892f:unindexed:b2a571cbd1c6d536,9196880000,,2026-08-10T16:53:09+00:00,unknown,confirmed,true,v1/accounts/.../transactions/trc20:tron:1f4d0bd9972a0cdc644e98de65fc082005fab2cb3f9366dbafb2e2083025892f:unindexed:b2a571cbd1c6d536,2026-08-10T13:59:54+00:00,2026-08-10T16:59:54+00:00,complete_within_scope
tron,TNtTcstZdy5vppwDMQuR9gy6n5rT4o7ptq,outgoing,TMYj6Fi283XPShtzcxfndErKigPUYmZyRA,TR7NHqjeKQxGTCi8q8ZY4pL8otSzgjLj6t,eaf9081dcb15f4235a134b8df30bc9ada7b747567d2c890de02f3930e0335956,,tron:eaf9081dcb15f4235a134b8df30bc9ada7b747567d2c890de02f3930e0335956:unindexed:46560d2f763b9f59,114860000,,2026-08-10T16:53:39+00:00,unknown,confirmed,true,v1/accounts/.../transactions/trc20:tron:eaf9081dcb15f4235a134b8df30bc9ada7b747567d2c890de02f3930e0335956:unindexed:46560d2f763b9f59,2026-08-10T13:59:54+00:00,2026-08-10T16:59:54+00:00,complete_within_scope
tron,TNtTcstZdy5vppwDMQuR9gy6n5rT4o7ptq,outgoing,TCXiYqdeG2uQvt1eBrQ3XMvVuSv3YmUAMp,TR7NHqjeKQxGTCi8q8ZY4pL8otSzgjLj6t,a82673c86840f7a2c85c7be9c4627c65e25a9df849bd8384e22870ff6f459277,,tron:a82673c86840f7a2c85c7be9c4627c65e25a9df849bd8384e22870ff6f459277:unindexed:f368f9f40c3e098d,145780000,,2026-08-10T16:54:03+00:00,unknown,confirmed,true,v1/accounts/.../transactions/trc20:tron:a82673c86840f7a2c85c7be9c4627c65e25a9df849bd8384e22870ff6f459277:unindexed:f368f9f40c3e098d,2026-08-10T13:59:54+00:00,2026-08-10T16:59:54+00:00,complete_within_scope
tron,TNtTcstZdy5vppwDMQuR9gy6n5rT4o7ptq,outgoing,TCTHkR97PmAeqXBcjZWVS2xkGHmcCfs6xh,TR7NHqjeKQxGTCi8q8ZY4pL8otSzgjLj6t,f6ec6d0a8413a59c3169ea1f8b175caa6d3311ba4ebe033940d228876868b563,,tron:f6ec6d0a8413a59c3169ea1f8b175caa6d3311ba4ebe033940d228876868b563:unindexed:b19805c098c95e29,219420000,,2026-08-10T16:55:09+00:00,unknown,confirmed,true,v1/accounts/.../transactions/trc20:tron:f6ec6d0a8413a59c3169ea1f8b175caa6d3311ba4ebe033940d228876868b563:unindexed:b19805c098c95e29,2026-08-10T13:59:54+00:00,2026-08-10T16:59:54+00:00,complete_within_scope
tron,TNtTcstZdy5vppwDMQuR9gy6n5rT4o7ptq,outgoing,TLJaxEQtVJkHz2fCxtxtAmJM3YaciQEpTK,TR7NHqjeKQxGTCi8q8ZY4pL8otSzgjLj6t,4114c73742a8b9e3cc50ddee461769e9ea4c11c68d20609e92f48e146368c6ee,,tron:4114c73742a8b9e3cc50ddee461769e9ea4c11c68d20609e92f48e146368c6ee:unindexed:33d6c60a61df3a15,111910000,,2026-08-10T16:56:54+00:00,unknown,confirmed,true,v1/accounts/.../transactions/trc20:tron:4114c73742a8b9e3cc50ddee461769e9ea4c11c68d20609e92f48e146368c6ee:unindexed:33d6c60a61df3a15,2026-08-10T13:59:54+00:00,2026-08-10T16:59:54+00:00,complete_within_scope
tron,TNtTcstZdy5vppwDMQuR9gy6n5rT4o7ptq,outgoing,TYXq3cmiaYu1YBMBkn3jcrmfjAKRjwizXX,TR7NHqjeKQxGTCi8q8ZY4pL8otSzgjLj6t,21e6ea02a99a85e12497f14074ee074eb5819f34dcc4c94f4dd862329d206896,,tron:21e6ea02a99a85e12497f14074ee074eb5819f34dcc4c94f4dd862329d206896:unindexed:f29ed2629a170bf6,20000000000,,2026-08-10T16:58:24+00:00,unknown,confirmed,true,v1/accounts/.../transactions/trc20:tron:21e6ea02a99a85e12497f14074ee074eb5819f34dcc4c94f4dd862329d206896:unindexed:f29ed2629a170bf6,2026-08-10T13:59:54+00:00,2026-08-10T16:59:54+00:00,complete_within_scope
tron,TNtTcstZdy5vppwDMQuR9gy6n5rT4o7ptq,outgoing,TXBMJkZzbYQoozTi94i9kJhwAjG3HTkZCQ,TR7NHqjeKQxGTCi8q8ZY4pL8otSzgjLj6t,32337be45e37056b0ba1e2bdabaca0d0d045ecc88844de58a25c25b662c886f9,,tron:32337be45e37056b0ba1e2bdabaca0d0d045ecc88844de58a25c25b662c886f9:unindexed:b4296a5dbc27168c,20000000000,,2026-08-10T16:58:24+00:00,unknown,confirmed,true,v1/accounts/.../transactions/trc20:tron:32337be45e37056b0ba1e2bdabaca0d0d045ecc88844de58a25c25b662c886f9:unindexed:b4296a5dbc27168c,2026-08-10T13:59:54+00:00,2026-08-10T16:59:54+00:00,complete_within_scope
tron,TNtTcstZdy5vppwDMQuR9gy6n5rT4o7ptq,outgoing,TJ6yfJTEGimVnrU73DCuJSTkXBqkrEHLqx,TR7NHqjeKQxGTCi8q8ZY4pL8otSzgjLj6t,f6eb0aea4cc239d6ebbdd02ae1b472a777622c6829473fa768c96cab532a0ef0,,tron:f6eb0aea4cc239d6ebbdd02ae1b472a777622c6829473fa768c96cab532a0ef0:unindexed:b27a6444a9c5675f,3000000000,,2026-08-10T16:58:24+00:00,unknown,confirmed,true,v1/accounts/.../transactions/trc20:tron:f6eb0aea4cc239d6ebbdd02ae1b472a777622c6829473fa768c96cab532a0ef0:unindexed:b27a6444a9c5675f,2026-08-10T13:59:54+00:00,2026-08-10T16:59:54+00:00,complete_within_scope
tron,TNtTcstZdy5vppwDMQuR9gy6n5rT4o7ptq,outgoing,TEkw3T4VhYfzcda79JMuWBQXUQCEPBSmuz,TR7NHqjeKQxGTCi8q8ZY4pL8otSzgjLj6t,db88f0cd02fb8895eb213879aed25459f5ef775d8dbc97234f45317e0d007d3a,,tron:db88f0cd02fb8895eb213879aed25459f5ef775d8dbc97234f45317e0d007d3a:unindexed:861100897bd1fe02,234140000,,2026-08-10T16:58:54+00:00,unknown,confirmed,true,v1/accounts/.../transactions/trc20:tron:db88f0cd02fb8895eb213879aed25459f5ef775d8dbc97234f45317e0d007d3a:unindexed:861100897bd1fe02,2026-08-10T13:59:54+00:00,2026-08-10T16:59:54+00:00,complete_within_scope
tron,TNtTcstZdy5vppwDMQuR9gy6n5rT4o7ptq,outgoing,TBzXVWYLTXBi5BuseAhMtPcTXP8aVG6Yhg,TR7NHqjeKQxGTCi8q8ZY4pL8otSzgjLj6t,32526b967039574bda0bc961e231441626bbef388a1be343c0020253d744cf7e,,tron:32526b967039574bda0bc961e231441626bbef388a1be343c0020253d744cf7e:unindexed:4b090f64d1f2c13c,27960000,,2026-08-10T16:59:30+00:00,unknown,confirmed,true,v1/accounts/.../transactions/trc20:tron:32526b967039574bda0bc961e231441626bbef388a1be343c0020253d744cf7e:unindexed:4b090f64d1f2c13c,2026-08-10T13:59:54+00:00,2026-08-10T16:59:54+00:00,complete_within_scope
tron,TNtTcstZdy5vppwDMQuR9gy6n5rT4o7ptq,outgoing,TYYs8AhWhRLWr6uGv5qaj47wUsDEQ3NVKw,TR7NHqjeKQxGTCi8q8ZY4pL8otSzgjLj6t,cbf06c1249ba915945cd3dc232fdc9df7bbc778804afef8349d83cea21429943,,tron:cbf06c1249ba915945cd3dc232fdc9df7bbc778804afef8349d83cea21429943:unindexed:cd3987724aef69fb,772000000,,2026-08-10T16:59:51+00:00,unknown,confirmed,true,v1/accounts/.../transactions/trc20:tron:cbf06c1249ba915945cd3dc232fdc9df7bbc778804afef8349d83cea21429943:unindexed:cd3987724aef69fb,2026-08-10T13:59:54+00:00,2026-08-10T16:59:54+00:00,complete_within_scope
